搜索关键词,笔记标题,笔记内容,笔记点赞量,笔记评论量,笔记收藏量,笔记分享量,笔记类型,标题关键词,行业标签,笔记发布时间,达人昵称,达人描述,达人等级,达人性别,达人地区,达人关注总量,达人笔记总量,达人粉丝总量,达人收藏总量,达人点赞总量,笔记详情链接
华为,新入手华为GT2e [微笑R][微笑R],新入手华为GT2e [微笑R][微笑R]想要的功能全都有[斜眼R],6,0,0,0,视频,['华为怎么样'],"['科技数码', '数码']",2020/5/13,前凸后翘臣妾做不到,None,尿布薯,女,北京 通州,496,1,8,0,7,https://www.xiaohongshu.com/discovery/item/5ebb43710000000001000434
华为,华为,像素好到爆，原来一直用的oppo，成功转粉华为。分享下今日份喜欢?,0,0,0,0,图文,"['华为怎么样', '自拍', 'oppo怎么样', '今日份做作自拍']","['科技数码', '数码']",2020/5/13,胡梦琳,如果找不到懂自己的人，那就宁缺毋滥。,困困薯,女,中国  ,21,6,20,0,22,https://www.xiaohongshu.com/discovery/item/5ebb436e0000000001000430
华为,求问你们的华为手机用几年不卡啊,集美们，换手机瘾犯了，又一直纠结到底换华为还是苹果。不是果粉，用它仅仅是因为真的用好几年都不会卡顿，以前用的安卓手机最多两年完全动不了了[失望R],7,32,0,0,图文,"['华为手机', '华为怎么样', '果粉', '安卓手机', '华为P40']","['科技数码', '数码']",2020/5/13,bullinda,,困困薯,男,四川 南充,14,5,3,1,22,https://www.xiaohongshu.com/discovery/item/5ebb3fbb0000000001003bb5
华为,,"华为Nova6 5G手机主要元器件供应商表
从表上可以看到，华为Nova6的主要元器件采用华为海思的占比很高，只有为数不多的几件采用的是供应商的元器件，
华为手机现在采用自研的比率越来越高，但是还是会采用其它供应商，这或许就是任总说的，就算自己全都可以生产，也还是会用其它供应商，避免单一供应链断档。",1,0,0,0,图文,"['华为怎么样', '数码科技', '华为手机', '科技数码资讯分享']","['科技数码', '数码']",2020/5/13,小猪搞机,一个数码爱好者，手机摄影爱好者，vlog初学者。,泡泡薯,男,中国  ,129,925,114,348,1483,https://www.xiaohongshu.com/discovery/item/5ebb316c00000000010025ad
华为,宁波二手华为p30pro 8+128天空之镜,"宁波二手华为P30pro 8-128天空之境，全原98新，串号32169
宁波二手手机回收 宁波二手华为手机批发",0,0,0,0,视频,"['东海宾馆自由行热门攻略', '华为手机', '宁波贺道华']","['科技数码', '数码']",2020/5/13,贺道华,,困困薯,男,地球的某一片红薯地,63,28,352,4,30,https://www.xiaohongshu.com/discovery/item/5ebb2cfa0000000001007fcd
华为,苹果粉转华为失败?,"对不起大家    上篇写的华为P40Pro     我宣布  苹果转华为失败?
纠结到底还是买了Promax   暗夜绿  真特么的香?
颜色太纠结了 到底还是选了新色
银色不耐脏   金色之前有了   然后黑色不想要   只剩暗夜绿了
说实话   更爱苹果?
可能是习惯了  登陆ID  太强大了   原封不动的备份了   666
人生建议  如果一直手持苹果   不建议转华为✌?",0,3,0,0,图文,"['数码科技', '数码']","['科技数码', '数码']",2020/5/13,只诉温暖不言殇丶,,困困薯,女,安徽 合肥,41,14,46,6,58,https://www.xiaohongshu.com/discovery/item/5ebae0b200000000010004d2
华为,纠结华为matebook14和戴尔7391,"想入手一款电脑，一直纠结是买华为matebook14还是戴尔的7391
感觉各有各的优点，很纠结
现在高三，因为之前的电脑坏了，想现在入手一个，大学继续用，大学读英语专业，对游戏没有要求，可玩可不玩
求姐妹们给个建议！！！！！！！！！",7,18,0,0,图文,"['戴尔怎么样', '华为怎么样', '笔记本电脑', '笔记本电脑推荐']","['科技数码', '数码']",2020/5/13,H.,,奶瓶薯,女,地球的某一片红薯地,15,2,6,0,11,https://www.xiaohongshu.com/discovery/item/5ebad14000000000010034ba
华为,分享超值的华为手机壳,"新入手了华为mate30，后面被人称作滚筒式洗衣机摄像头真是不好搭配，但是怎么说手机壳就是门面呀！
这一个手机壳是我买到目前为止最喜欢的手机壳了！用到现在也没有发黄变脏，而且我买完竟然降价了！！？现在才9.8！呜呜我好亏T﹏T",8,8,0,0,图文,"['手机壳', '华为怎么样', '摄像头', '洗衣机', '搭配']","['科技数码', '数码']",2020/5/13,COCO,有什么就发什么,尿布薯,女,中国  ,140,2,16,0,12,https://www.xiaohongshu.com/discovery/item/5ebaceb9000000000101f79a
华为,华为主题,快来猜猜看华为主题,1,0,0,0,图文,['华为怎么样'],"['科技数码', '使用技巧']",2020/5/13,Lanna,None,困困薯,女,地球的某一片红薯地,169,12,4,2,36,https://www.xiaohongshu.com/discovery/item/5ebacc200000000001002bd1
华为,华为也有好看又平价手机壳[哭],"今天给大家安利液态硅胶手机壳！
因为我的华为nova5p是绿色的，买透明壳就很丑[捂脸R]但是找来找去也没有全包的好看手机壳
之前一直用的是苹果手机 新买的华为手机的手机壳都是去定制的网上苹果手机壳图案，一个壳子就得三十多[哭惹R]
终于找到了简约可爱的手机壳，和苹果手机同款的古董白！",1,0,0,0,图文,"['手机壳', '华为怎么样', '苹果手机', '手机支架', '华为手机']","['科技数码', '数码']",2020/5/12,荔枝杏仁茶,,困困薯,男,地球的某一片红薯地,155,3,7,2,12,https://www.xiaohongshu.com/discovery/item/5ebac5910000000001001ba3
华为,华为手机壳 | 老古董终于换新衣！,"我的华为mate8已经用5年了，在1688都找不到对胃口的手机壳...
现在20多块买一把 真香！",1,2,0,0,图文,"['手机壳', '华为怎么样', '植树节去哪玩']","['科技数码', '数码']",2020/5/12,__Polapo,这个人很懒，ta什么也没有留下,尿布薯,无,广东  广州,171,2,19,4,1,https://www.xiaohongshu.com/discovery/item/5ebabff70000000001006424
华为,,"华为比IP68级别还高的，防尘防水透气专利爆光
5月1日，华为终端新申请了一项新的专利曝光，专利资料显示，该技术主要用于终端设备上的防尘、防水、透气等方面，该技术有望使华为的终端设备的防尘、防水、透气等性能有进一步突破。
近年来，各厂家对手机等设备的防尘、防水、透气也越来越重视，更高的防尘、防水、透气性能，就代表手机能适应更恶劣的环境，期待华为的这项新技术早日应用到产品中。",0,0,0,0,图文,"['透气', '数码科技', '华为怎么样', '透气性', '科技数码资讯分享']","['科技数码', '数码']",2020/5/12,小猪搞机,一个数码爱好者，手机摄影爱好者，vlog初学者。,泡泡薯,男,中国  ,129,925,114,348,1483,https://www.xiaohongshu.com/discovery/item/5ebabdfa000000000101cd39
华为,华为P40使用体验感！,"作为?手机的脑残粉, 终于还是败给苹果爸爸的定价第一次选择华为手机。
P40的颜值还是很吸引我的，性价比也很高。买的时候在零度白和冰霜银之间纠结了很久，零度白后面是漆面的材质，会留下很多手印，冰霜银是哑光的材质，相对来说不太容易留下手印，所以一咬牙一跺脚就买了银色。
之前一直不肯放弃苹果是因为买了很多年Apple Music的会员, 里面的歌单就是我的心肝宝贝啊舍不得放弃?但万万没想到安卓的应用商店里居然有苹果音乐！且登陆苹果ID之后所有的歌都来了！开开心心。
拍照功能不会描述，所以附上第一张用这个手机拍的照片作参考。
新手机还意外的让我体验了一次华为的售后[笑哭R]刚拿到新机的第三天，上下音量键和锁屏键同时失灵。拿到售后去检测鉴定之后，按照要求在购机十五天内出现质量问题免费更换一台新机。开始遇到问题的时候还是挺失望的，售后小姐姐说还从来没有遇到修P40的顾客，还特别愧疚的说希望我能再给华为一次机会[笑哭R]PS我这运气简直可以买彩票。总的来说拿到第二个新机到目前为止使用感还是很好的，充电很快，耗电很慢，手机大小和重量刚好适合我等小手党。四千多的手机用两年换一个我不会心疼但是五位数的苹果emmmm[石化R]
总之好评 推荐一波[赞R]",11,0,0,0,图文,"['华为怎么样', '歌单', '拍照', '哑光', '充电']","['科技数码', '数码']",2020/5/12,花甩甩,分享日常 分享所爱,奶瓶薯,女,吉林 长春,45,2,6,0,15,https://www.xiaohongshu.com/discovery/item/5ebaba700000000001004ee6
华为,华为HUAWEI p40por手感不要太好??,可以这是说人生中种草的第一台华为手机[偷笑R]我买的p40por的冰霜银真心显档次 ！手感超级好。像素没话说，用了这多年的苹果真心觉得这款华为??！支持国货??。,7,0,0,0,图文,"['华为怎么样', '蓝牙音箱', '摄影', '海赋江城·天韵A区自由行热门攻略', 'cc霜']","['科技数码', '数码']",2020/5/12,鎖づ/xinん嗳,,困困薯,女,中国,17,16,76,302,480,https://www.xiaohongshu.com/discovery/item/5ebab8460000000001002bd5
华为,华为pro40,自从华为pro40发布，就种草了，赵先生一直说等出mate40给我换一个，可是我就喜欢pro系列，可能是不太喜欢特别曲屏的赶脚，平时爱给孩子照相觉得还是这个比较好，以前是忠实的果粉，最近爱国心强烈，从此爱上华为，也是真心的好用！,4,3,0,0,图文,"['华为怎么样', '果粉', '种草']","['科技数码', '数码']",2020/5/12,cecilia_金球妈妈,感恩，惜福！一枚三宅粉丝！,困困薯,女,北京 朝阳,109,20,473,47,404,https://www.xiaohongshu.com/discovery/item/5ebab62b0000000001002508
华为,华为专业模式后置闪光灯,"我的手机是高考完家里买的，家里秉着支持国产原则给买的华为，上大学后偶然室友用她的苹果给我拍照我惊了，那是我第一张可以发出去给人看的那种照片?，从此一直一直想换苹果?，家里一直一直不给?现在也只是大一学生，没有什么经济能力，就搁置了
那么既然一时半会换不了苹果?，那就尽力去发现华为的美吧，这是我第一次get到华为的原相机
建议大家不要用前置，真的真的真的太难看了，可以尝试一下后置
☀我的手机型号：麦芒八(华为超冷门型号，买不到手机壳的那种)
后面的boy是我爸?",1,0,0,0,图文,"['闪光灯', '拍照', '华为怎么样', '相机', '手机壳']","['科技数码', '数码']",2020/5/12,他真是个迷人的家伙儿,小红书认证：韩娱推广大使,困困薯,女,中国  ,31,3,0,19,47,https://www.xiaohongshu.com/discovery/item/5ebab50e0000000001007566
华为,华为免费主题✨,华为手机真的太香了 美少女战士主题 ???集美们都安排上就vans了[斜眼R],6,0,0,0,图文,"['华为手机', '安卓手机', '华为怎么样', '范斯怎么样', '美少女战士']","['科技数码', '数码']",2020/5/12,天下第一最最好团团,,奶瓶薯,女,地球的某一片红薯地,9,1,6,0,6,https://www.xiaohongshu.com/discovery/item/5ebaac270000000001004f08
华为,超级?的华为免费主题分享给姐妹们,"萌兔兔这款主题是我现在在用的哦 嘿嘿[偷笑R]
华为手机的姐妹们也赶紧换上自己喜欢的主题叭[飞吻R]",5,4,0,0,图文,"['萌兔兔怎么样', '华为怎么样', '华为手机']","['科技数码', '使用技巧']",2020/5/12,你脸红什么啊,感谢你这么好看还关注我,奶瓶薯,女,中国  ,17,4,8,1,10,https://www.xiaohongshu.com/discovery/item/5ebaa8070000000001007e5c
华为,华为手机拍的！调色软件华为自带软件,为什么我出门不带相机了？因为我有华为手机！,0,0,0,0,图文,"['华为手机', '一个亿复古仓自由行热门攻略', '复古', '华为怎么样', '手机摄影']","['摄影', '摄影技巧']",2020/5/12,Tony Tong,上海自由人像摄影师,困困薯,男,上海  静安,14,8,10,0,33,https://www.xiaohongshu.com/discovery/item/5ebaa0cc000000000101d4c5
华为,2020年华为手机选购指南2-2,"接上一条
二、华为机型推荐
1、按价格分类推荐
1000以下， 建议购买其他品牌机型;
1000-2000，华为nova 5z、荣耀9x、荣耀20s、荣耀V20、荣耀Magic2;
2000-2500，荣耀20、华为nova5 Pro、荣耀20 Pro、 华为Mate20;
2500-3000, 华为P30、P40、荣耀V30、 荣耀V30 Pro、华为Mate20 Pro、华为Mate30；
3500-4500, 华为P30 Pro、华为Mate30 Pro、华为Mate30 5G、 P40
5000以上， 华为Mate30 Pro 5G、华为Mate 30RS保时捷设计、华为Mate X；P40Pro
2、按需求分类推荐
追求5G，荣耀V30 Pro、华为Mate30 5G、华为Mate30 Pro 5G；P40系列
P喜欢拍照，荣耀20 Pro、荣耀V30系列、华为nova6系列、华为Mate20 Pro、华为P30 Pro、华为Mate30系列；P40系列
追求轻薄，荣耀20s、荣耀20、华为nova5 Pro、华为P30；
追求性价比，荣耀9X、华为nova 5z、荣耀20s、荣耀V20、荣耀20、华为nova5 Pro、荣耀20 Pro、华为Mate20；mate30",4,1,0,0,图文,"['华为怎么样', '华为手机', '保时捷怎么样', '拍照']","['科技数码', '数码']",2020/5/12,小红薯5EB94911,专注电子产品,困困薯,男,中国  ,9,14,16,2,30,https://www.xiaohongshu.com/discovery/item/5ebaa057000000000101d22c
华为,2020年华为手机选购指南2-1,"华为终端包括华为和荣耀两个品牌，机型繁多，所以有必要专门针对华为旗下机型做一个梳理。
内容主要分为两部分，第一部分是对华为产品线进行梳理，第二部分是对各个价位段华为机型进行详细点评。
最后，如果觉得内容还行，码字不易，请点个赞帮忙扩散一下，谢谢。
一、华为产品线梳理
华为终端旗下产品线众多，目前有两大品牌，华为（HUAWEI）和荣耀（HONOR），为了国际化目前两大品牌都逐渐用拼音替代汉字。
1、HUAWEI品牌下现在有五大产品系列：
Mate系列，定位顶级旗舰，主打高端、商务，对标三星Galaxy Note系列，价格区间3999-12999
P系列，定位拍照旗舰，主打拍照、潮流外观，价格区间 3988-6788
nova系列，曾经主打线下中端市场，对标OPPO Reno、vivo X系列，如今在往线上市场猛攻，或许以后会独立出来，价格区间1799-3399
畅享系列，定位低端机，价格区间500-1999
麦芒系列，运营商合作定制机，价格区间1500-2000
2、荣耀品牌曾经出过很多系列机型，目前主要剩下这五大系列：
Magic系列，定位未来黑科技旗舰，价格区间3799-5799
V系列，定位科技先锋，价格区间2999-3999
数字系列，定位科技潮品，价格区间2699-3499
X系列，定位千元机爆品，价格区间1399-2399
畅玩系列，定位低端百元机，价格区间0-999
除了10大系列机型，华为更是有着10多个后缀排列组合成的大量机型，特别是利用i、e、青春版等后缀华为生产过大量套娃机。
所以，带有i、e、C、青春版这四个后缀的华为手机在购买时要当心了，稍微留意荣耀20s这款机型，不是产品不行，而是因为绝大部分品牌一般带s的都是升级产品，而荣耀20s却是降级产品，具有较强的迷惑性。
3、总体来说：
华为的机型，高端机比较推荐华为Mate系列、P系列，因为无论快充、续航，还是拍照、系统用户体验都是同价位的佼佼者。
中低端机型比较推荐华为nova/nova Pro、荣耀V系列、荣耀数字/数字Pro、荣耀X系列，因为性价比相对较高。
而畅享、畅玩、麦芒这三大系列产品一般来说在同价位竞争力不如其他品牌，所以不推荐选购。",5,0,0,0,图文,"['华为怎么样', '华为手机', '拍照', 'note怎么样', 'vivo怎么样']","['科技数码', '数码']",2020/5/12,小红薯5EB94911,专注电子产品,困困薯,男,中国  ,9,14,16,2,30,https://www.xiaohongshu.com/discovery/item/5eba9f140000000001003fc9
华为,华为nova7pro,"华为nova7pro手机壳
nova7SE
6SE/nova6",4,3,0,0,图文,"['怪兽', '华为怎么样', '手机壳', '画个怪兽保护我']","['科技数码', '数码']",2020/5/12,cwf,,None,女,中国,10,8,7,5,35,https://www.xiaohongshu.com/discovery/item/5eba907d000000000101d255
华为,华为offer,还愿～拿到华为offer仿佛离回国又近了一步～感谢菊厂爸爸收留，回国好好搬砖?,8,5,0,0,图文,['华为怎么样'],"['日常片段', '日常片段其他']",2020/5/12,小章鱼?,None,奶瓶薯,女,澳大利亚,4,2,2,0,14,https://www.xiaohongshu.com/discovery/item/5eba8cfb000000000101c37d
华为,【华为免费主题】分享,"?姐妹们，都给我冲！
华为主题也太好看了，还都免费！
划重点！免费?免费?免费?。
我pick绿色小熊和蓝色小兔子的主题！
图标也超级可爱，软萌软萌的
?操作?
华为手机主题商城，找到免费主题排行榜，下载应用。",112,40,58,0,图文,"['华为怎么样', '软萌', '华为手机', '华为主题']","['科技数码', '使用技巧']",2020/5/12,Immortal,"华为主题爱好者
新晋kwgt 小?️?
分享壁纸/主题/插件
不定时更新?
喜欢可以➕关/点赞/收藏
姐妹们～冲鸭?！爱我不吃亏",困困薯,女,中国  ,12,7,24,89,190,https://www.xiaohongshu.com/discovery/item/5eba8826000000000101f03b
华为,华为P40 真实使用感受分享,"我是5.7入的华为P40，用了有几天了，现在终于有闲和刷到这篇的朋友分享一下自己的使用感受（也许是迄今为止最详细的），如果你感兴趣就往下看吧~
·
为什么买P40？普通版而非pro版？
自身定位苦命学生党，没必要买那么贵的版本，普通版够用。习惯直面屏，感觉曲面屏易碎不好贴膜还难修。当然你要是有充足预算并且看重第4颗摄像头，那还是买pro吧。
看了好几天网上的各种测评，还是最中意华为P系列这一款。（前一部是高考后换的OPPO R15，才用了2年，发烫竟然比为发烧而生的小米还厉害，内存也不够用；另一台备用机iPhone8没有双卡双待且不支持5G；对于经常使用文档编辑功能的学生党，还是习惯于更具兼容性的安卓系统）
·
??下面切入正题，谈一谈我的使用体验：
首先，备受吐槽的挖孔屏其实使用起来并不碍眼，如果你是真的对那颗?耿耿于怀，那你可以自选状态栏的显示方式，隐藏顶部区域；
京东方？周冬雨？其实肉眼根本分辨不出来，duck不必杠。这里有必要正名一下：屏幕细腻丝滑顺畅，切换应用只需滑动底部左右切换即可；
窄屏，握感极佳，打字更快，适合像我这样手小的；
带红外的面容ID解锁速度比先前用的OPPO要灵敏很多，屏下指纹解锁甚至都没有设置的必要；
若不满足主题商店还可以去花粉俱乐部下载各种主题，现在用的这款混搭主题（星河银+五彩斑斓）也还蛮喜欢的；
缺点：不知道是不是刚升级完系统优化比较耗电的缘故，续航有些不太尽如人意，有待观察。
·
?说一下惊喜：
<后知后觉黑科技>
1. AI隔空操作、可拖动的分屏操作；2.多屏互动 一碰即传。自己用的笔记本是华为matebook X，至今使用2年没有问题，仍然很好用。试着研究了一下用多屏互动的方式传输，不得不说华为确实??；3.双景录像、路人消除、反光消除等。
<主打摄影的P系列 拍照功能当然要夸>
做好心理准备，毕竟是阉割版，没有前置自动对焦功能，把磨皮什么都关掉，再离得远一点拍乏善可陈就不提了，但那颗硕大的3摄后置（5000万像素主摄+1600万像素超广角摄像头+800万像素3倍光变长焦）摄像头是真的惊艳到我了，一度以为自己买了台相机。（光是P40就这么震撼了，pro版肯定更dior一点就不必说了）拍人像的时候，毛孔（乃至黑头）这些细节都特别出彩，这里就不放太多照片了，放张吃的敷衍一下，各位感兴趣的可以去线下体验店感受一下。",31,17,11,0,图文,"['华为怎么样', '摄像头', '笔记本', '学生党', 'oppo怎么样']","['科技数码', '数码']",2020/5/12,niiumok,"?厦门?澳门???? | MUST在读大学生
心血来潮会分享正(吃)经(的)干(喝)货(的)
吹?彩虹屁的一把好手",泡泡薯,女,澳门  氹仔,122,30,114,733,817,https://www.xiaohongshu.com/discovery/item/5eba7beb0000000001003af0
华为,华为nova7看视频模糊,第一次买华为手机，也是最后一次了，使用感太差了，看视频这么模糊，售后也可以睁着眼睛说没有问题,4,21,0,0,图文,"['华为怎么样', '使用感', '华为手机', '华为nova7']","['科技数码', '数码', '手机']",2020/5/12,?李阿花,有趣的灵魂万里挑一,困困薯,女,地球的某一片红薯地,15,5,7,14,28,https://www.xiaohongshu.com/discovery/item/5eba791f000000000101f39f
华为,,"【华为主题】【华为插件】【华为新拟态图标】第一篇小红书献给华为插件啦～太好看了，得夸夸我～
首先非常感谢@娜_苨 小姐姐的教程，都是学小姐姐来的，非常感谢╰(*´︶`*)╯
用的主题是仙女的自我修养～主题市场就有
图标是五彩斑斓图标，非常感谢@萌小兔
上面好看的贴纸是picsart美易，我搜集的迪士尼公主，很可爱(๑• . •๑)",6,3,0,0,图文,"['迪士尼怎么样', '华为怎么样', '迪士尼乐园', '贴纸']","['科技数码', '使用技巧']",2020/5/12,有的头发长,,尿布薯,无,地球的某一片红薯地,6,1,0,0,6,https://www.xiaohongshu.com/discovery/item/5eba78fb00000000010044c3
华为,?华为?一些小小的隐藏功能,"华为手机更新后个人感觉耗电快了但是阻止不了我喜欢华为?的深夜模式?
而且华为的深色模式跟?系统有一点点不同  不仅微信会变黑，小红书也是可以，微博都可以等等
下面教大家怎么设置深夜模式?
1⃣点击手机设置
2⃣找到显示与亮度
3⃣找到深夜模式打开就?啦
但是本人觉得很麻烦，最主要是因为我懒??
❗️❗️❗️便利的方法?❗️❗️❗️
1⃣就是手机下拉通知单找到最右上边的小笔符号?（找不到的小可爱可以看一下图片就明白啦?）
2⃣点进去深夜模式就?啦
是不是这个很快捷呢？
?❗️❗️而且里面还有好多隐藏功能?
1⃣百度搜索：点开就可以直接搜索，特别方便哦
2⃣扫描文件：打开点击扫描拍下来，文件扫描，就可以啦。
图7是我的笔记（字点丑?凑活看吧）
图8是扫描完成的结果（扫出来结束也不是特别准，但是可以自己改一下?，但是总比自己一个一个打强?嘿嘿）
❗️❗️❗️注意啦深夜模式是要在系统10.0.0才有哦，没有的小可爱可以看一看有没有更新
希望可以帮助到大家???",320,104,71,0,图文,"['华为怎么样', '华为手机']","['科技数码', '使用技巧']",2020/5/12,婷?,所有的明天都是新的开始,奶瓶薯,女,辽宁  沈阳,174,2,57,81,364,https://www.xiaohongshu.com/discovery/item/5eba740e000000000100207c
华为,华为立体桌面,华为这立体桌面太?爱了，不过太麻烦了?整整学了一天?,2,0,0,0,图文,"['樱花雨', '华为怎么样', '一起来看樱花雨']","['科技数码', '使用技巧']",2020/5/12,Me?,None,奶瓶薯,女,地球的某一片红薯地,10,5,3,0,15,https://www.xiaohongshu.com/discovery/item/5eba652e000000000101e17f
华为,华为微信模块教程,"✔️仅华为！别的手机的小红薯就不要在问啦
Mt管理器在浏览器下载就可以
不需要登录账号直接使用
下载的路径：/storage/emulated/0/Download/browser/
主题路径：/storage/emulated/0/Huawei/Themes/
直接找0后边的就可以
这个笔记一直置顶❗
不用在问我该怎么应用啦
胡豆姑娘也有相同的教程
?也可以找她@胡豆姑娘",53,13,17,0,视频,"['华为怎么样', 'mt怎么样', '华为主题']","['科技数码', '使用技巧']",2020/5/12,公子人青,https://gongzirenqing.lanzous.com/icdixef 密码:e70k,困困薯,女,地球的某一片红薯地,2,4,864,149,713,https://www.xiaohongshu.com/discovery/item/5eba64a700000000010024e7
华为,华为mate book 14 2020版,"之前看了华为商城，一直都是没货
然后去某宝和某东的，华为官方旗舰店，也是一直没货
等了好久，选择还是去线下官方旗舰店看看吧
跑了几个店，终于找到一台了
是i5/16G/512G  触摸屏的，灰色的，感觉还不错，还送了一个鼠标
用了快一个多月了，感觉蛮好的，像网上说的，屏幕漏光情况，我这个好像没有，就是偶尔，充电的时候，会有点电流声，摸了一下，没感觉吧，整体来说，还不错吧",7,2,0,0,图文,"['华为怎么样', '长沙自由行热门攻略', '充电', '鼠标']","['科技数码', '数码']",2020/5/12,妳,还没有简介,奶瓶薯,男,中国  ,15,2,31,0,11,https://www.xiaohongshu.com/discovery/item/5eba5ec400000000010062d2
华为,偶然发现华为手机这样超级好拍照！,"华为前摄像头自拍总是感觉怪怪的[害羞R][害羞R]
偶然发现这样拍还不错
1⃣打开相机的后摄像头
2⃣点击更多中的黑白艺术
3⃣选择大光圈
就可以开始对镜自拍啦[偷笑R][偷笑R]
还有一个小技巧
自拍多年发现放大拍照会更好看，没试过的姐妹可以试试看哦(´-ω-`)[飞吻R][飞吻R][飞吻R]",3,0,0,0,图文,"['自拍', '拍照', '华为手机', '摄像头', '华为怎么样']","['科技数码', '数码']",2020/5/12,不下周山,,困困薯,女,地球的某一片红薯地,35,7,3,2,20,https://www.xiaohongshu.com/discovery/item/5eba5c1a0000000001000642
华为,华为mate pad pro画画真的可,"我来交作业哩，画画业余选手
软件：artrage 用浏览器可以下载
平板：华为mate pad pro
笔：电容笔(原装触控笔还在路上。。)或者手
原创作者在这里噢@粉色的眉毛子 真的炒鸡喜欢她的画！",2,2,0,0,图文,"['画画', '华为怎么样', '平板电脑', '电容笔', '平板']","['文化', '绘画']",2020/5/12,无法显示,,奶瓶薯,女,地球的某一片红薯地,21,3,4,3,12,https://www.xiaohongshu.com/discovery/item/5eba56e30000000001003345
华为,华为mate30ios主题(｡･ω･｡)ﾉ♡,"以前没用过苹果手机
看到好多人华为换苹果主题
然后我也去搞了搞看看
感觉还是挺好看的[偷笑R]",5,9,0,0,图文,"['ios', '华为怎么样', '苹果手机']","['科技数码', '使用技巧']",2020/5/12,?,summerstar1106,困困薯,女,地球的某一片红薯地,117,29,9,4,59,https://www.xiaohongshu.com/discovery/item/5eba4d7a0000000001006153
华为,华为课程表?,最近发觉一个华为课程表，这个配色是我在设置里面找到那个颜色主题里面换的第二个配色，你们可以自己去找，你们还有很多配色不用登陆就能换的，炒鸡?可！软件：课程表,0,0,0,0,图文,"['华为怎么样', '课程表']","['科技数码', '使用技巧']",2020/5/12,Fairy,None,困困薯,女,中国  ,62,35,31,21,135,https://www.xiaohongshu.com/discovery/item/5eba3c1400000000010010e8
华为,iPhone 11promax 到底好用不好用？华为呢,"到底苹果手机好用还是华为手机好用呢？本人一直在用华为手机?
前几天桃宝大促 跟?攻略买了苹果手机?
#iPhone 11 Pro[商品]# 没有报太大希望  因为确实太便宜
没想到真的收到货了[害羞R]我也可以用苹果手机咯
还用不太习惯呢[哇R]",2,4,0,0,图文,"['iphone', '苹果手机', '华为手机', '绛县红十字会医院自由行热门攻略', '华为怎么样']","['科技数码', '数码']",2020/5/12,高兴妈咪.,踩雷大作战?好物分享,困困薯,女,地球的某一片红薯地,0,4,27,3,16,https://www.xiaohongshu.com/discovery/item/5eba399a0000000001000689
华为,华为手机,华为Nova7 Nova7se 有要的嘛？[偷笑R][偷笑R],0,3,0,0,图文,"['华为手机', '华为怎么样']","['科技数码', '数码']",2020/5/12,小茹,一个卖手机兼蛋黄酥的妹子,困困薯,女,中国,54,26,554,235,881,https://www.xiaohongshu.com/discovery/item/5eba362a0000000001004ed2
华为,华为混搭图标--教程/太好看了叭！,"华为混搭图标是什么神仙！！！
教程：主题——我的——混搭——图标——自己应用的主题——自定义——点图标就能放图了
一定要一次性弄完，不然的话就没有了。",3,0,0,0,图文,"['混搭', '华为怎么样', '华为混搭图标']","['科技数码', '使用技巧']",2020/5/12,海棠不悔,"叫我棠棠就好了嘻嘻嘻
一个手写po/推app/护肤
21届中考生  加油",困困薯,女,地球的某一片红薯地,150,81,349,917,798,https://www.xiaohongshu.com/discovery/item/5eba2fe1000000000101dca6
华为,华为mate30的自拍，很牛逼,这个是在一个酒吧拍摄的，用手机的手电筒打光，华为mate30拍摄，秒变女神。不得不承认拍照功能很强大。为华为打call。。,2,0,0,0,图文,"['自拍', '华为怎么样', '厦门自由行热门攻略', '酒吧', '拍照']","['科技数码', '数码']",2020/5/12,Penny,个人生活与时尚穿搭分享，最开心的是收获你们的小心心,困困薯,女,中国,140,10,65,17,115,https://www.xiaohongshu.com/discovery/item/5eba2d190000000001001544
华为,华为✨,"华为真的太温柔啦?
爱死华为❤️",4,2,0,0,视频,"['华为怎么样', '易烊千玺未来无界']","['科技数码', '数码']",2020/5/12,不要加白糖,None,困困薯,女,中国  ,0,9,1,1,32,https://www.xiaohongshu.com/discovery/item/5eba24fd0000000001004e39
华为,华为荣耀免费?可爱主题（第二弹）,"手机是华为荣耀的小可爱们进来看看?～
第二弹来喽[派对R][派对R]
别忘了用你们可爱的爪爪点两下屏幕哦❤️❤️",8,2,0,0,图文,"['华为荣耀', '华为怎么样']","['科技数码', '使用技巧']",2020/5/12,大瑶砸,人的一生=自律+开心,奶瓶薯,女,中国  ,0,5,2,0,23,https://www.xiaohongshu.com/discovery/item/5eba1d30000000000100203b
华为,华为,"华为nova6se手机壳有人要嘛！
新的??",3,2,0,0,图文,"['华为怎么样', '手机壳']","['科技数码', '数码']",2020/5/12,迷人的胖辰✨,None,奶瓶薯,女,地球的某一片红薯地,31,4,1,0,12,https://www.xiaohongshu.com/discovery/item/5eba1a1f0000000001001312
华为,折叠屏手机~华为matexs,看了目前市场上寥寥无几的几款折叠屏手机，华为这款是我感觉目前做的最好的。但是要加价2000才有卖。,2,0,0,0,视频,['华为怎么样'],"['科技数码', '数码']",2020/5/12,陶正,新奇产品爱好者,None,男,中国  ,72,24,34,17,68,https://www.xiaohongshu.com/discovery/item/5eba147b0000000001003ca7
华为,华为主题插件和小图标?太可爱啦～,"用华为一段时间了，忽然发现可以下载主题调插件超开心！?
终于轮到我花里胡哨了?
辛辛苦苦调了快两个小时?
超可爱！喜欢！",6,3,0,0,图文,['华为怎么样'],"['科技数码', '使用技巧']",2020/5/12,我幸,None,尿布薯,女,地球的某一片红薯地,0,1,0,0,6,https://www.xiaohongshu.com/discovery/item/5eba12430000000001004ccc
华为,华为手机照相我真的服了,之前用iPhone原相机真的是越用越爱，最近换了华为手机，打开相机后我真的?尤其前置竖着拍时，会把人脸拉的巨长[石化R],2,1,0,0,图文,"['华为手机', '相机', '素颜', '口红', '华为怎么样']","['科技数码', '数码', '手机']",2020/5/12,J.F.经凡,,困困薯,女,中国,47,24,4,0,28,https://www.xiaohongshu.com/discovery/item/5eba0e6d000000000101e647
华为,华为Wechat 美化教程！美化包在视频最后！,"我是闪电少女 阿酱⚡今天把教程给大家带来啦！
（要美化包直接看?视频最后?获取）
?注意 需要最新版本微信+华为手机+mt管理器
?Wechat每更新一次 所有的东西都要换！不然就会变成原来的样子！
所以阿酱会持续更新美美的主题 ?
前提是给我比个❤和? 让我看到你！
你学会了吗？不懂的地方可以问哦！",216,43,92,0,视频,"['华为怎么样', '华为手机', '城市情报员']","['科技数码', '使用技巧']",2020/5/12,阿酱种草菌！,和我一起种草吧！,困困薯,女,地球的某一片红薯地,3,8,533,285,1104,https://www.xiaohongshu.com/discovery/item/5eba06ea0000000001005e77
华为,华为手机的拍照技巧,华为手机的专业模式你会用吗？快学起来?！！！,13,0,21,0,视频,"['拍照技巧', '华为手机', '华为怎么样', '手机拍照技巧']","['科技数码', '使用技巧']",2020/5/12,拍照法门,一起学习拍照摄影吧！！！,None,女,地球的某一片红薯地,0,1,15,21,13,https://www.xiaohongshu.com/discovery/item/5eb9fffb00000000010045a2
华为,华为原相机?+十全大补面膜 素颜拍摄,华为HUAWEI原相机?拍摄，敷了个菲洛嘉十全大补面膜，素颜拍摄，配合起来杠杠哒[害羞R],1,0,0,0,图文,"['素颜', '相机', '面膜', '十全大补', '华为怎么样']","['美妆', '护肤']",2020/5/12,Olivia軒公子?,"?：Olivia軒軒軒公子
?：514120192@qq.com",困困薯,女,美国,169,25,21,20,87,https://www.xiaohongshu.com/discovery/item/5eb9f82c0000000001006d0f
华为,不一定是爱国才选华为,"华为作为国内手机品牌的领军企业代表着国内手机产业的技术水平和外观设计水平。
在很久之前就开始用了苹果手机，当初对国产手机的认识就是：山寨、土、配置高但性能差、技术落后苹果很多。前些天跟朋友去逛了华为实体店后，被它深深吸引，首先从外观看，充满设计感，给人一种清新脱俗的感觉，丝滑般的手感，握在手中犹如初恋女友的手。再从性能上看，流畅（这可能是新手机的缘故），但根据身边人亲身体验，用了很久还是很好用，再看看摄像头，对比能拍星星的手机摄像头苹果简直就是渣渣，华为对摄影的优化可谓是极致了。
我看上了这款p40pro，要买手机肯定买最新款，下个月京东618一定要选购，一个月说短不短，现在每日就是煎熬，好想得到它，但舍不得活动优惠。哎，继续等待吧",1,4,0,0,图文,"['摄像头', '华为怎么样', '苹果手机', '设计感', '国产手机']","['科技数码', '数码']",2020/5/12,Jane,热爱生活，享受生活，持续更新中,困困薯,男,地球的某一片红薯地,50,5,3,9,17,https://www.xiaohongshu.com/discovery/item/5eb9e6a600000000010037b5
华为,分享几款华为的动态壁纸,这两天把华为的主题，图标，铃声，动态壁纸捯饬了个半天，配上美美的动态壁纸每天心情都格外舒适[偷笑R]就是比较担心动态壁纸是不是会很费电，总体来说这款p40pro好像是没有以前的mate20pro电池耐用，可能因为90刷新率吧，锁屏显示，我也重新设置了启用时间，分时段，尽可能保住电量 #HUAWEI P40 Pro 5G超感知徕卡四摄50倍数字变焦5g手机[商品]#,5,0,0,0,视频,"['壁纸', '华为怎么样', '华为P40']","['素材', '壁纸']",2020/5/12,苏柒柒,,奶瓶薯,女,地球的某一片红薯地,6,2,0,1,19,https://www.xiaohongshu.com/discovery/item/5eb9e0d1000000000101f249
华为,华为主题混搭,酷酷酷！昭和少女漫画风壁纸+华为主题图标混搭，这样就不会使图标很突兀，你值得拥有[斜眼R],0,1,0,0,图文,"['混搭', '壁纸', '酷酷酷', '华为怎么样', '漫画']","['科技数码', '使用技巧']",2020/5/12,阿张很好玩,月亮偷喝了朗姆酒,困困薯,女,挪威  ,22,33,35,93,322,https://www.xiaohongshu.com/discovery/item/5eb9965d0000000001006015
华为,华为NOVA7| 开箱 | 前后置录像测评|,四月份上市的华为NOVA7帅爆了！！！做了很多功课终于忍不住种草了！（拿到手机第一天激动激动激动）用了我雪兔哥哥做model?| 这个前后置同时录影是录vlog新玩法噢！这次只用了华为和小红书自带的小功能！买了的小伙伴们赶紧尝鲜吧！！,7,0,0,0,视频,"['测评', '华为怎么样', 'vlog', '种草', '华为nova7']","['科技数码', '数码']",2020/5/12,jackie和雪兔哥哥的日常,"生活| 旅行| 学习| 购物| 分享|
??????",奶瓶薯,女,广东 佛山,59,1,14,0,7,https://www.xiaohongshu.com/discovery/item/5eb9866a00000000010006c7
华为,Defense华为P40 Pro手机壳，四曲满溢屏福音,"?自从换了华为P40 Pro，这款手机什么都好，就是满溢屏要配个保护壳实在是太不容易。毕竟市面上的手机壳款式太多了，对比了一圈最终选择了这款Defense品牌设计的手机保护壳。
?在这个颜值至上的社会，漂亮精致的手机壳往往倍受关注，但是其防摔性能却渐渐被人忽视，而Defense品牌设计的这款手机壳，巧妙地将两者融合，而且还加入一些个性化的元素设计。就比如选材的铝合金边框，在光线的照射下能够呈现出流光溢彩的视觉效果，显得十分炫酷时尚。而贴心的挂绳扣设计，携带显得更加便利，外出携带再也不用担心握在手中意外跌落的情况发生。
?在入手之前，我曾担心过第三方保护的开模精准度，而Defense这款手机壳打消了我的顾虑，保护壳的开模非常精准，按键契合没有丝毫偏差，因此不会影响到数据线以及按键的正常操作，从而带来如同裸机一般的握持体验。加上壳体纤薄的厚度设计也是恰到好处，即便套上保护壳，也不会影响到无线充电的正常使用，非常的贴心。
?此外，手机壳内有防震气囊设计，万一手机跌落时可以起到非常不错的缓冲作用，避免手机受到太强的冲击而碎屏。
?总结：不论是做工细节、选材用料，它的存在都能给我带来满满安全感。若是你入手了华为P40 Pro手机，还缺少一款手机保护壳，那么相信它会是你不错的选择哦。???",2,0,0,0,图文,"['手机壳', '华为怎么样', 'DEFENSE怎么样', '合金', '数据线']","['科技数码', '数码']",2020/5/11,极客时间线,还没有简介,金冠薯,女,中国  ,38,312,34573,100167,171815,https://www.xiaohongshu.com/discovery/item/5eb96fce00000000010065a5
华为,吐槽华为MATE30Pro的一些小细节,"今日照片全部华为mate30Pro拍的 没有任何调整和滤镜
但是华为的拍照延迟太严重了 抓拍一个永不停歇的娃真是头大
另一个崩溃点就是侧面敲两下调节音量 经常忘记关音响 只改成振动 结果想趁娃睡着看个无声的视频 一点开那声音响彻全楼 每次把老娘吓个半死
但是敲门一般的两下就能截图真是无敌好用了 不过千万别换硬膜 换了敲不动了
我就这样每天徘徊在臭华为和华为真香中无法自拔 哈哈哈哈",1,0,0,0,图文,"['华为怎么样', '音响', '汉堡', '拍照技巧', '空中飞人怎么样']","['科技数码', '数码']",2020/5/11,亚缇蜜思儿思儿,卟妞也是刘花朵 还是大姐大,困困薯,女,地球的某一片红薯地,19,59,48,63,176,https://www.xiaohongshu.com/discovery/item/5eb96689000000000101ffd1
华为,华为p30屏幕碎了,买手机不到一年，去华为售后换屏要870块钱，感觉有点贵，也不太划算，最近听说有个特惠屏换屏活动539块钱，据说是原来用过的那种屏经过工厂加工修复好的，不知道这种屏幕靠谱不，而且我这个屏并没有大面积裂痕，只是边缘那里，但是作为强迫症人士看着很闹心[笑哭R]，有没有姐妹换过屏的，给点意见[害羞R][害羞R],3,25,0,0,图文,"['华为怎么样', '手机']","['科技数码', '数码']",2020/5/11,今天星期八.,热爱可抵岁月漫长.,困困薯,女,中国  ,194,4,26,3,13,https://www.xiaohongshu.com/discovery/item/5eb95eb1000000000100182a
华为,学习打卡+用华为手机拍星空！！,"今天晚上天气真的很好！于是迫不及待尝试了用华为mate30手机拍星空，效果还OK，因为没有三脚架再加上光线比较亮，所以拍出来不是很明显，不过这样的效果也爱了啊！！
?星空拍摄参数：手机拍照调到专业模式，ISO调到合适的亮度（如果拍照的地点附近光线较亮，ISO就调小一点；反之ISO调大一点），S调到15-20秒，其他不变。
?星轨拍摄参数：手机相机找到更多，里面打开流光快门（P7）点击“绚丽星轨”拍摄，等待20-30分钟即可。
最好要准备三脚架哦，这样拍出来效果会非常好！",1,0,0,0,图文,"['星空', '华为手机', '华为怎么样', '拍照', '三脚架']","['科技数码', '数码']",2020/5/11,小蓝姐姐,,困困薯,女,地球的某一片红薯地,308,19,14,12,62,https://www.xiaohongshu.com/discovery/item/5eb95e8b000000000100177a
华为,华为拍照就是好?,华为P40拍照太好用，苹果再也不用了?,0,0,0,0,图文,"['拍照', '华为怎么样', '春夏逛吃指南']","['科技数码', '数码']",2020/5/11,鹏帅爱格板定制,,困困薯,男,中国,61,21,41,69,87,https://www.xiaohongshu.com/discovery/item/5eb9520c000000000101e7db
华为,华为自拍,怎样才可以让华为手机自拍没有那么失真，过度美颜[哭惹R],6,3,0,0,图文,"['自拍', '华为怎么样', '美颜', '华为手机']","['科技数码', '数码']",2020/5/11,小红薯5701CD4A,,奶瓶薯,女,地球的某一片红薯地,14,2,6,0,6,https://www.xiaohongshu.com/discovery/item/5eb94ac30000000001003fab
华为,华为kwgt图标设计,"华为主题混搭加图标小设计，换了新的感觉美美哒
调整了好几个小时，终于弄好了，特别喜欢主页的小链接，一点微信直接跳转，美滋滋，不用去找了，设置了qq微信微博小红书的跳转，最上面添加照片还没摸索出来继续努力[黄金薯R][黄金薯R][黄金薯R]",1,0,0,0,图文,"['华为怎么样', '混搭', '华为主题']","['科技数码', '使用技巧']",2020/5/11,阡陌,,困困薯,女,中国  ,45,19,24,154,128,https://www.xiaohongshu.com/discovery/item/5eb9432300000000010065e3
华为,华为mate30丹霞橙,"不是杠！！！
大家都太过高吹捧华为了吧...
原苹果7用户，因电池扛不住了，
昨天下手了观望很久的华为mate30，
真的对它期望过高...导致失望越大！
用了一天的体验就是...
为什么看个视频看个图片那么糊？？标清画质？（有同的嘛？画质问题）
真的受不了，磨了几层皮的感觉
没有苹果画质细腻！
振动也是好劣质的感觉....不如苹果质感好。
买完后悔系列?",4,0,0,0,图文,"['华为怎么样', '华为mate30']","['科技数码', '数码']",2020/5/11,大鸡居,None,奶瓶薯,女,地球的某一片红薯地,0,1,3,0,4,https://www.xiaohongshu.com/discovery/item/5eb9410d0000000001005d33
华为,华为p30现在买大约多少钱呀,"最近看了华为P30,感觉黑色个珠光贝母还有那个天空之镜,也太好看了吧,想买[哭惹R]但是还有些纠结颜色
我看淘宝京东上有的价格是3089有的是3689
哇 究竟哪个才是呀 太贵 就不买了[哭惹R]",4,51,0,0,图文,"['华为怎么样', '珠光', '贝母', '手机']","['科技数码', '数码', '手机']",2020/5/11,.org,None,奶瓶薯,女,地球的某一片红薯地,17,2,3,4,20,https://www.xiaohongshu.com/discovery/item/5eb939d90000000001004178
华为,华为相机?专业模式,"华为手机像素真的能打～
专业模式拍水or乱七八糟教程如下?
更多中找到专业模式
正数第二个“S”调到四千分之一
第三个“EV”调到－3.0
就是介个效果啦～(*ˊૢᵕˋૢ*)
原谅我拍不出它的美? #华为 HUAWEI[品牌]#
爱了爱了～～",7,0,0,0,图文,"['相机', '华为怎么样', '华为手机']","['科技数码', '数码']",2020/5/11,,None,尿布薯,女,地球的某一片红薯地,111,2,0,0,7,https://www.xiaohongshu.com/discovery/item/5eb936a8000000000100762c
华为,求助贴|有没有用过华为平板M6的姐妹,"请问有没有用过华为平板M6的姐妹啊？求分享一下使用体验[害羞R][害羞R][害羞R]
如果平时看论文阅读文献比较多适合吗？因为我看有的人说安卓上面的相关软件比较少。",0,9,0,0,图文,"['平板', '华为怎么样', '阅读']","['科技数码', '数码']",2020/5/11,Suerte,是我,奶瓶薯,女,中国  ,48,9,14,8,27,https://www.xiaohongshu.com/discovery/item/5eb935000000000001002da3
华为,华为手机免费主题,"华为手机免费主题
而且还很可
希望大家会喜欢",11,0,1,0,图文,"['华为手机', '华为怎么样', '华为免费主题']","['科技数码', '使用技巧']",2020/5/11,樱井乔奈_,None,奶瓶薯,女,地球的某一片红薯地,5,1,3,1,11,https://www.xiaohongshu.com/discovery/item/5eb92bd60000000001004def
华为,华为更新之后的像素是个什么鬼,"手机型号华为mate30pro 前几天更新的10.1系统
看花粉俱乐部里面有好多人吐槽说
10.1系统耗电快，像素削弱了等等等问题
我没感觉耗电快啥的，真是真真切切的感受到了像素问题……真是服了 以前拍的照片对比现在的真的差的不是一丁半点[生气R][生气R]
真不是我拍照技术菜[哭惹R][哭惹R]",32,56,0,0,图文,"['华为怎么样', '拍照', '华为P40']","['科技数码', '数码', '手机']",2020/5/11,歡⚝,None,困困薯,女,地球的某一片红薯地,11,4,0,1,49,https://www.xiaohongshu.com/discovery/item/5eb92701000000000101fba8
华为,,"华为商城荣耀新款笔记本电脑上架，荣耀MagicBook Pro 2020开启预售，预定定金可以抵现。
从华为商城页面曝光的信息来看，新款笔记本将有i5和i7两个版本。都配备了16+512GB规格的内存，搭载NVidia MX350独立显卡。
从页面的商品图可以看到，新款笔记本的外壳采用了金属磨砂质感，边框极窄，摄像头依旧采用了键盘隐藏式，值得注意的是新本本的键盘两侧进行了重新设计，疑似增加了两个音响，相信在音效上会有新的突破。
该机将在5月18日发布，你觉得这款笔记本真怎么样？",0,1,1,0,图文,"['笔记本', '数码科技', '华为商城(江门万达店)', '华为怎么样', '摄像头']","['科技数码', '数码', '电脑']",2020/5/11,小猪搞机,一个数码爱好者，手机摄影爱好者，vlog初学者。,泡泡薯,男,中国  ,129,925,114,348,1483,https://www.xiaohongshu.com/discovery/item/5eb923b80000000001002f6b
华为,?华为Mate 40 Pro概念图曝光 5摄 瀑布屏,"?华为这几年主打拍照性能，在智能手机市场风光无限。而每年都会发布P系列和Mate系列旗舰机，总是能够看到新功能和新的外观设计，华为在创新方面的进步是有目共睹。
?如今华为P40Pro已经发布，牢牢占据Dxo镜头排行榜第一名的位置，那么接下来的华为Mate40Pro还会有哪些惊喜呢？
外媒最近就发布了华为Mate40Pro全新概念设计图，屏幕看上去非常熟悉，但却有不同的亮点。
【?药丸瀑布屏】
还记得华为P40Pro发布的时候，双打孔镜头由于占据屏幕面积太大，被嘲笑为“药丸屏”。
其实“药丸屏”很大程度上能够取代刘海屏，双打孔占据的屏幕空间那么大，可以容纳Face ID元件和前镜头。
而这款华为Mate40Pro就是延续了这样的设计，不仅成功将刘海取代，而且还延续了瀑布屏的特色。这样的设计组合在颜值方面能够加分，至少让用户觉得不会产生视觉疲劳。
而瀑布屏的特色是让屏幕边缘更华丽。
-
【?屏幕分辨率】
华为Mate40Pro采用药丸瀑布屏非常具有特色，外观设计不仅漂亮，而且还拥有2K分辨率和120Hz刷新率+180屏幕触控率，这些都是小米10Pro、华为P40Pro、三星S20+等旗舰机无法实现的配置。
另外，屏占比也高达94.37%。下巴和额头的黑边已经缩短不到1毫米。
这些细节上的变化都体现华为在创新方面的追进，千万不要小看这些细节，它才是华为真正的大招。
-
【?摄像头方面】
从概念图机身后背可以看出，华为Mate40Pro延续了滚筒镜框，采用了洒花5镜头，还是与徕卡继续合作，与索尼共同研发特供传感器。
主镜头像素为5000万，依然没有追求高像素。
但光圈传感器面积将比华为P40Pro更大，而另外四颗镜头分别为超广角镜头，像素4000万，电影镜头像素4000万，长焦镜头像素2000万，以及3DTof镜头。
延续了RYYB滤镜矩阵，将照片泛黄的缺点改善，全面提升用户的拍照体验。
-
【?处理器方面】
如果不出意外，华为Mate40Pro依旧是一款集成5G双模块的旗舰机，采用麒麟1020处理器，降低功耗%，这就是华为屏幕敢采用2K分辨率+120Hz刷新率的原因。
另外在性能方面比麒麟990提升50%，或许有实力叫板苹果A14处理器。细节和性能的改善让华为Mate40Pro处于领先地位，唯一的对手或许只有iPhone12Pro了。
@数码薯  @小红叔",26,24,2,12,图文,"['瀑布', '华为怎么样', '拍照', '刘海', '华为授权体验店自由行热门攻略']","['科技数码', '数码']",2020/5/11,花泽事务所,"文艺小清新? 爱科技懂生活☕的宅男??‍?也爱旅行✈️？
中俄??旅游论坛“旅行博主”代表 ?sunyuejie123@126.com",泡泡薯,男,上海  徐汇,322,90,1245,2650,2680,https://www.xiaohongshu.com/discovery/item/5eb921030000000001006310
华为,华为自定义图标 | 食物头像,"华为隐藏功能
自定义图标大?
[食物头像是拿的别银的图]",2,1,1,0,图文,"['华为怎么样', '我的食物有BGM']","['科技数码', '使用技巧']",2020/5/11,Lettuce.,?,困困薯,女,中国  ,20,5,4,86,335,https://www.xiaohongshu.com/discovery/item/5eb90a030000000001004421
华为,华为P40Pro直出拍照～,"上一篇小红书选苹果还是华为，很多集美给了中肯的意见，后来第二天就去直营店入了华为P40Pro，8+256，冰霜银～现在说说上手第一天的感受[微笑R]
其实系统真的挺流畅，很多黑科技也很人性化，昨天还有点失落感，有点怀念ios的操作系统，但是今天还好啦！然后很多集美说华为拍照最大的问题，首先，自拍因为会自动美颜，所以可能有点不是那么有高级感，但是像我这种喜欢后摄的问题不大，今天随手拍了几张，相机里画质看起来有点low，但是你点进相册看之后成像还是不错的，所以拍照这个对我而言还挺不错的，另外，还有曲面屏，其实P40Pro曲面屏还可以，不是很弯，手感还是很无敌的，还有冰霜银真的超级超级超级有质感，打call！！！
至于另外的下次慢慢研究啦[偷笑R][偷笑R]以上就是我这个苹果老用户换华为第二天的感触[害羞R]",7,12,0,0,图文,"['拍照', '华为怎么样', '曲面屏', '美颜', '相机']","['科技数码', '数码', '手机']",2020/5/11,喵喵爱吃小兔叽,None,困困薯,无,地球的某一片红薯地,5,7,10,9,42,https://www.xiaohongshu.com/discovery/item/5eb9054b0000000001006a5f
华为,小米/华为/苹果/vivo/opp手机壳,"小米/华为/苹果/vivo/opp手机壳
任意型号 可来图定制～",4,0,0,0,图文,"['手机壳', '华为怎么样']","['科技数码', '数码']",2020/5/11,小刘小刘,手机壳✔️包包✔️衣服✔️,None,女,地球的某一片红薯地,0,3,0,0,4,https://www.xiaohongshu.com/discovery/item/5eb8ffd50000000001000a2d
华为,?转华为#不知道我是不是全网最低价,用了八年苹果，终于换了华为，起先的想法就是华为性价比高一些，本来准备入手苹果11POR Max的256G，后来看到华为的新款P40POR256G，还支持5G，心里想反正没有用过华为体验一下也可以，不习惯再换回苹果就OK，问了一些用华为的朋友都说还不错，就直接入手了，用了十天没有明显不适应，最让我感动的时候电池续航力，40W快充，充满后我能用24个小时+正常的聊微信刷抖音逛淘宝小红书等等，每天只要醒着的时候基本上都是抱着手机玩儿，其他的除了拍照我还没有掌握方法，有些拍出来是有失真的情况其他的感觉跟苹果是差不多的，有换华为想法的朋友真的可以试试[黄金薯R]我的256g入的价格5600，不知道是不是全网最低价呢[偷笑R]哈哈(ಡωಡ)hiahiahia,21,54,1,0,图文,"['华为怎么样', '拍照', '晒晒新手机']","['科技数码', '数码']",2020/5/11,刘小露?,想要的都拥有，得不到的都释怀,困困薯,女,中国,8,12,9,1,38,https://www.xiaohongshu.com/discovery/item/5eb8fe4a000000000100005a
华为,华为mate30Pro手机壳,我的华为mate30Pro手机壳好看嘛,2,0,0,0,图文,"['手机壳', '华为怎么样', '个性手机壳推荐']","['科技数码', '数码']",2020/5/11,OneSugar-U,OSFU,困困薯,女,中国,88,45,119,610,1051,https://www.xiaohongshu.com/discovery/item/5eb8f7560000000001006057
华为,华为P40Pro,"2014年买了4S   过后一直用苹果  手持苹果全家桶   现在换了华为
一开始很不习惯   可是后来发现华为牛逼   国产之王不是没有道理   图四是夜景拍摄   我还在慢慢发掘   ?
可我还是觉得苹果好用   好多苹果能下载的修图软件  华为不支持?",12,11,2,0,图文,"['华为怎么样', '修图软件', '夜景', '华为P40']","['科技数码', '数码', '手机']",2020/5/11,只诉温暖不言殇丶,,困困薯,女,安徽 合肥,41,14,46,6,58,https://www.xiaohongshu.com/discovery/item/5eb8ef700000000001007581
华为,华为m6入手,买之前就纠结了很久很久，到底是ipad还是华为。平时不用来干什么就只是看看视频打打游戏，没有太多要求，最大的要求就是颜值一定要高，在一个就是内存和屏幕大小，我认为m6完全符合我的所有标准，价格也很合理。所以二话不说直接入手，就等着开箱啦！我认为一定会很香[黄金薯R][黄金薯R][黄金薯R],4,3,0,0,图文,"['华为怎么样', '平板电脑', 'ipad', '平板电脑推荐']","['科技数码', '数码']",2020/5/11,温柔事,不是所有遗憾都能圆满,困困薯,女,内蒙古  兴安,10,3,3,1,13,https://www.xiaohongshu.com/discovery/item/5eb8ed610000000001006a9d
华为,种草！秒杀飞利浦的华为力博得合作款星钻牙,"这款建议在京东华为店购买，现在做活动279元即可入手，跟飞利浦相差上千块，对比了下功能和硬件上基本没差 甚至功能更强大
颜值：三种颜色 炫酷黑 晶钻白 樱雪粉 隐形发光的显示面版，低调奢华
质感：价格跟飞利浦黑钻相差上千 磨砂的质感 质感上明显更高级，更赏心悦目啦
刷头：标配三种不同功效刷头，清洁型、美白型、敏感型、无金属植毛 防锈更安全 不容易滋生细菌。市面上独家0.02MM细软刷毛 可以更深层处清洁牙齿
功能：36种洁齿美牙模式
清洁模式：全口清洁标准模式，满足日常清洁需求
亮白模式：2分钟快速抛光，牙色提亮如新，适合有茶渍，烟渍人群
敏感模式：力度轻柔温和，适合牙齿酸冷，牙龈易出血人群
护理模式：科学变频按摩，适合牙龈肿痛，牙周炎人群
智能模式：智能APP连接后按照个人习惯定制刷牙模式 监测口腔健康
总结：如果有预算限制，又没有使用过电动牙刷一定先用华为力博得合作款星钻牙刷，用过后想再体验下其他品牌牙刷，你就知道这个牙刷真的无敌了 性价比之王",1,0,0,0,图文,"['电动牙刷', '我的电动牙刷']","['美妆', '个人护理']",2020/5/11,初夏丫,愿以一朵?的姿态行走世间，看?️清世间繁杂却不在心中留下痕迹，?开成景，?落成诗……,None,无,中国,7,27,3907,10668,7315,https://www.xiaohongshu.com/discovery/item/5eb8e1ce00000000010022f9
华为,华为与18家车企成立“5G汽车生态圈”，18家车,"华为与18家车企成立“5G汽车生态圈”，18家车企中上市公司包括：一汽轿车、长安汽车、东风汽车、上汽集团、广汽集团、北汽蓝谷、比亚迪、长城汽车、江淮汽车、宇通客车等。
另外，华为概念股中，涉及汽车业务的上市公司有：沪电股份（汽车板）、意华股份（汽车连接器）、启明信息（汽车管理软件cPDM等）、千方科技（智能管理和出行服务）等。",1,0,0,0,图文,"['广汽集团', '上汽集团', '东风汽车', '江淮汽车', '王者荣耀']","['科技数码', '数码']",2020/5/11,微博狙击主力训练营,"微博大V，微博认证证券分析师，东方财富专栏作者，中金在线专栏作者每天晚上有直播可以参加学习加上送指标系统一套",None,男,地球的某一片红薯地,0,285,110,54,137,https://www.xiaohongshu.com/discovery/item/5eb8d95c0000000001007f44
华为,华为钱包的手机乘车卡可以免费领啦！！！,我妹刚才点开华为钱包发现，琴岛通居然不要钱了！！！ 上个月还是25元，刚才乘车卡找不到了，想着25就25开一个坐车很方便。 - 有NFC的华为手机，直接刷手机就可以坐车，换乘和地铁累积都能用，和实体卡优惠一模一样。 琴岛通卡买实体卡的话需要12元，掉了还不给补。 我充值了30还减了1元[哇R] 还有几个城市现在也是免费开通～,2,0,0,0,图文,"['钱包', '华为怎么样', '琴岛通客服网点自由行热门攻略', '华为手机', '青岛旅行']","['科技数码', '数码']",2020/5/11,KIA,我想出去玩,困困薯,女,地球的某一片红薯地,30,14,68,1240,2801,https://www.xiaohongshu.com/discovery/item/5eb8d8b30000000001007afb
华为,华为手机人像拍摄,"我现在用的是华为p20pro，出来有点年纪了，大家想买的话可以买最新款的，感觉华为p系列的相机都做的挺好的?
前五张都是华为p20pro人像模式拍的，没有p直接加的滤镜，六七张是没加滤镜原图的样子，最后两张是之前用苹果7p拍的，吊打也说不上，7p的原图我弄丢了，这个可能没那么高清。
总的来说苹果拍出来色彩和质感会比华为好很多，但华为更细腻高清一点，华为拍照人像是稍微有点偏黄，当然可以后期调色，问题不大。
华为的人像是有带一点美颜的，不过不会像美图手机那样过份磨皮，虽然可以关掉，但是人像模式还是会给你美化一点，我上面的图是把美颜关掉的，还是会适当给你提亮一下肤色，修饰一下瑕疵；苹果手机的话，就不会有任何美颜，很多细小的瑕疵都会拍出来，p图会比较久，但是色彩和质感比较真实。
希望对大家的参考有帮助。",7,0,0,0,图文,"['滤镜', '华为怎么样', '美颜', '华为手机', '随手拍']","['科技数码', '数码']",2020/5/11,漫笑,,None,女,湖南 长沙,9,1,3,0,7,https://www.xiaohongshu.com/discovery/item/5eb8d27c0000000001000f23
华为,华为要改名,任正非嫌华为名字起的太随意！你觉得呢？,1,0,0,0,视频,['华为怎么样'],"['科技数码', '数码']",2020/5/11,商业小纸条,"?乐客独角兽（合伙人）
?每日分享商业故事，励志短片，正能量视频
?学习改变命运，行动改变生活
?创业项目，短视频教学
?关注我，与您一起学习成长",困困薯,男,地球的某一片红薯地,0,46,32,23,154,https://www.xiaohongshu.com/discovery/item/5eb8d13300000000010051e2
华为,苹果7p换华为p30使用半年感受,"总体来说，华为p30性价比更高，4000左右的价格作为平常使用，并不卡顿，个人还是挺满意的。
华为拍照确实有滤镜，但是出去旅游，大家都喜欢华为拍照?，尤其夜景，我换手机的时候苹果是xs那一代，夜景完全不行好吗，我们不说拍✨拍?，就是普通夜景，华为完胜
第二个就是华为长截图功能，以前都要截图之后一点点拼起来，这个功能太方便了。
第三个是手机超级轻便，简直了，突然手机轻了不少
第四个是手机快充，原配已经是快充，没电的时候充一会就可以出门了。以前的手机充很久，用很快。就一直充电玩，很不方便。现在等他一会就可以玩了。
然后缺点的话，一个是icloud，蓝牙不能共享，确实使用pad mac的人用苹果手机更方便
第二个是拍一些照片，苹果原相机更真实
第三个是有些app是?专享，但我平时对这个没什么要求
总而言之，我觉得红薯?上有很多人那华为几千的机子去和苹果上万的比较不满意，我觉得如果完胜，那那些钱不就白花了。华为性价比更好一点，如果你追求所有的完美，那就买苹果?吧，不要再吐槽华为了。。。
#华为 HUAWEI[品牌]#",4,10,0,0,图文,"['华为怎么样', '夜景', '拍照', '苹果手机', '相机']","['科技数码', '数码']",2020/5/11,终不遇 不再见,记录一下买的东西，新手上路,困困薯,女,地球的某一片红薯地,8,20,11,43,50,https://www.xiaohongshu.com/discovery/item/5eb8c6450000000001005416
华为,华为nova系列第一款曲屏nova7 pro,"主角：华为nova7 pro记住是pro，不是7和se，差别还是不小呢。
内存组合：8+128g /8+256g
颜色：亮黑色，绮境森林，仲夏紫，蜜语红，当然还有比较稀缺的7号色。啥是7号色，就是有点白有点银的幻彩色，是的很美，和极光差不多。
处理器：这点吐槽下，nova7都985了，nova6还990+巴龙5000，这使用985有点…，但是机身薄颜值高啊，这点即使荣耀30 pro采用990 5g也敌不过啊。看来nova还是主攻颜值和照相美颜了，大家习惯就好。
照相：采用6400万高清镜头，没有荣耀30系列4000万那个模组好，毕竟华为还是想让它和荣耀有所差别，其余800万超广角，800万长焦终于舍得用上潜望镜头了，带光学防抖，这点比nova7. 20倍变焦有良心。最后来一个凑数200万微距，省的你们说怎么还不弄个4摄了。[斜眼R]前置有了3200万主摄+800万广角了，这个在荣耀v30和nova6上已经体现过了。
4000mAh+40w快充不支持无线充电，还算中规中矩，不算很惊艳，毕竟定位有限。
外形：6.57OLED屏幕指纹，1080p分辨率，emui10.1侧边快捷栏该有的都有，总之还有明星代言，想要追求配置的不用考虑这个可以考虑荣耀30pro，考虑华为品牌和颜值在3500～4000价位可以考虑。",3,4,0,0,图文,"['华为怎么样', '广角', '怪兽', '美颜', '充电']","['科技数码', '数码']",2020/5/11,小鲸鱼?,随心所欲带你了解你想知道的～喜欢的点个赞,困困薯,男,山西  晋中,48,37,84,199,718,https://www.xiaohongshu.com/discovery/item/5eb8c4d80000000001000885
华为,,"华为Mate系列一直以来都是华为智能手机里高端系列的代表，其最大的风格特点就是：商务，在与保时捷设计联名后更是可以体现出华为对商务市场的重视程度，而面对商务人士市场的第一步就是：安全，华为Mate RS“内置inSE安全芯片”，金融级安全加密为手机保驾护航；另外代表其安全的一点就是正反面双指纹模组设计，正反指纹皆可用于移动支付。
既然是高端系列，当时的旗舰芯片“麒麟970”、“IP67防尘放水”、“双扬声器”、“无线充电”都少不了，最重要的当属其后置的“徕卡三摄”4000万+2000万+800万的三摄组合在当时可谓强大，整机外观呈保时捷设计的流线型曲线，商务风十足。",0,0,0,0,图文,"['华为怎么样', '保时捷怎么样', '充电', '智能手机']","['科技数码', '数码']",2020/5/11,荣耀授权体验店(公元时代),None,None,女,地球的某一片红薯地,5,31,4,0,40,https://www.xiaohongshu.com/discovery/item/5eb8c489000000000100486d
华为,‼️华为手机充电接口接触不良‼️,有没有用华为手机的小红薯啊！我?型号是mate20pro，还在保修期内，使用?或者充电的时候显示图片上面的情况，关机重启后恢复正常，又可以使用耳机和充电接口了，这已经是第二次出现这样的情况了，不知是升级系统导致的，还是?接口接触不良导致的，有用同个牌子出现类似情况的宝宝吗？能给我指点下迷津吗？到底是什么情况啊！,3,10,1,0,图文,"['华为手机', '充电', '华为怎么样', '耳机']","['科技数码', '数码', '手机']",2020/5/11,悬崖上的金鱼姬,,奶瓶薯,女,?? ,31,4,10,29,82,https://www.xiaohongshu.com/discovery/item/5eb8c04c0000000001003212
华为,这么好看的华为手机，你确定不喜欢吗？,"华为mate30pro 5g 星河银
颜值和性能俱佳的5g手机",6,3,1,0,视频,"['华为手机', '华为怎么样', '星河怎么样', '华为P40']","['科技数码', '数码', '手机']",2020/5/11,舒克,一名热爱穿搭和数码的97年男孩，点点关注，分享穿搭和数码选购小技巧～,困困薯,男,四川  成都,28,3,22,4,48,https://www.xiaohongshu.com/discovery/item/5eb8bd6d0000000001005f34
华为,华为mate30 5G 256G与荣耀30pro 256G到底选,华为mate30 5G 256G与荣耀30pro 256G到底选哪个好?我真的苦苦纠结五六天了，有懂得集美们吗？你们买的哪款呢,4,8,0,0,图文,"['华为怎么样', '华为开发者大会']","['科技数码', '数码']",2020/5/11,莎莎?,,奶瓶薯,女,地球的某一片红薯地,17,1,14,0,4,https://www.xiaohongshu.com/discovery/item/5eb8b38f0000000001002cf4
华为,华为 VSCO调色,"上一篇讲完了如何用华为拍一张比较清晰的照片，今天再来讲讲怎样调色。用到的软件就是VSCO和华为自带的图片调节。（VSCO可以在?宝买 几块钱就搞定）
这张是在暖光灯的环境下拍的照片，不同环境和照片适用不同的参数，所有参数只是一个参考，最后都需要根据自己的照片适当调整。多看一些?原相机拍出来的照片（举例：鞠婧祎的自拍），琢磨一下感觉，再来调色就会好很多。
有一些小技巧：
①照片不清晰就加锐化，可以适当加颗粒，但都不要太过。
②一般调人像会让对比度和饱和度两个参数反着来，➕对比就➖饱和，➕饱和就➖对比
③多用阴影色调和高光色调来改变照片质感，我比较爱用暖色调，但是要注意阴影色调一定不能调太高，不然会有种用力过猛的感觉。
另外给大家推荐两个vsco里常用的滤镜 AL3，U4，这两个应用强度调弱一点，皮肤会看起来非常干净清透。
最后一步就是在华为里自带的调节，我的参数是
亮度+1
饱和度+1
锐度+2
亮部+3（这一步很重要，增加皮肤通透感）
暗部+1
个人建议还是在参数基础上根据照片调整，先确定好锐度饱和度亮暗部，最后调照片的亮度对比度和饱和度。
希望大家都能修出好看的皂片♬(ノ゜∇゜)ノ♩",6,0,0,0,图文,"['滤镜', '阴影', '华为怎么样', '高光', '相机']","['摄影', '摄影技巧']",2020/5/11,荔枝酱,,奶瓶薯,女,地球的某一片红薯地,12,2,7,1,11,https://www.xiaohongshu.com/discovery/item/5eb8b0ca0000000001001f17
华为,华为matepad,"华为MatePad+华为M-Pencil
太棒了！
我现在是裸机裸笔，就是写字有些打滑
过几天配一个类纸膜
字丑勿喷啊[汗颜R]
关于noteshelf在下一篇笔记",7,7,0,0,图文,"['华为怎么样', '平板电脑', '贴片面膜']","['科技数码', '数码']",2020/5/11,601670414,还没有简介,困困薯,女,地球的某一片红薯地,5,6,2,1,21,https://www.xiaohongshu.com/discovery/item/5eb8a89300000000010079f2
华为,速来 谁用的华为p30手机？,去年十月份买的华为p30，之前用的oppo R11，感觉oppo的指纹超级好用，华为这款指纹超级不好用，现在戴口罩，不能面部解锁，只能手动输入密码，炒鸡麻烦，你们用华为p30的是不是也这样？或者有什么解决办法[笑哭R],7,12,0,0,图文,"['华为怎么样', 'oppo怎么样', '口罩']","['科技数码', '使用技巧']",2020/5/11,李不理,你是我最不想提起的青春,None,女,地球的某一片红薯地,31,2,0,0,14,https://www.xiaohongshu.com/discovery/item/5eb8a5ea0000000001002e87
华为,华为mt30pro 真好看,"师傅把我这手机修理好，真开心
你们看看这个华为手机好看吗？哈哈哈哈",7,5,1,0,图文,"['华为怎么样', 'mt怎么样', '华为手机']","['科技数码', '数码']",2020/5/11,小红薯5EB91C59,这世上没有老子修不好的手机。,奶瓶薯,男,中国,3,6,1,1,18,https://www.xiaohongshu.com/discovery/item/5eb870190000000001001a1d
华为,华为mate30拍摄无修直出｜我的日常生活照,"〽️华为mate30已入手两周~
剪了一个视频给大家看看华为的拍摄功能
我觉得还是很不错的哈哈哈哈哈
?有自带很多功能：自动识别；慢动作；流光快门；文档矫正；超级微距等~
?但是觉得相机还有一些bug：1.阳光过于好时，拍东西会过爆，需要手动调节亮度
2.夜晚拍摄时，会自动补光等，拍不出那种暗黑丧系的风格，需要后期自己再修~
[赞R]其他都挺好，总体还是建议购买的~",0,0,1,0,视频,"['日常生活', '华为怎么样', '拍照', '相机', '补光']","['科技数码', '数码']",2020/5/11,gorogorooo,"?摄影｜?插画｜?生活

?244929573@qq.com",困困薯,女,中国  ,26,9,3,4,15,https://www.xiaohongshu.com/discovery/item/5eb840c3000000000100438e
华为,关于华为系列的手机摄影,目前收集到这三款，感觉p9效果最好，怎么华为越做越回去了。真的好无语。。。。,1,0,0,0,图文,"['数码科技', '数码']","['科技数码', '数码']",2020/5/11,张三岁? Joerica,None,奶瓶薯,女,地球的某一片红薯地,156,4,2,0,12,https://www.xiaohongshu.com/discovery/item/5eb828bc0000000001005551
华为,华为笔记本电脑matebook D14,"一个电脑?小白╮（╯＿╰）╭最近想入手一台电脑，看中了华为matebook  D14，?不知道怎么样，平时就学习和办公使用？
女生，如果入手灰色和银色哪款更适合？＼(◎o◎)／！
我个人看中了灰色，感觉大气，但朋友说银色好看，纠结中?",0,4,0,0,图文,"['华为怎么样', '笔记本电脑', '笔记本', '华为笔记本']","['科技数码', '数码']",2020/5/11,咯咯咯,好好生活，好好爱自己。                                      先谋生，再谋爱，加油?，姑娘❤️,困困薯,女,云南 昆明,29,26,26,0,38,https://www.xiaohongshu.com/discovery/item/5eb825470000000001000dee
华为,华为P30前置变清晰！,"用了很久的华为P30，但一直比较喜欢?的拍照质感，终于在不断摸索中，找到了一些方法，可以让华为的照片也变得有质感一些！
具体操作就是后置转到前置摄像头的时候，会自动跳转到人像模式，这时候即使所有美颜关掉，还是会有重重的磨皮感，所以要切换到右边的拍照模式。另外，华为的前置是定焦，拍照的时候一定要伸长胳膊举得远一点才能更清晰。
不过，个人感觉，把前置自拍调成全屏模式横向拍照会更好看一些，比起4：3要更自然。
还有就是，多多善用p30的后置！P系列主打就是后置拍照，追求清晰感一定要试试后置！
当然这只是第一步-拍照，后续还有调色，如果有人看就另开一篇笔记去讲叭(♡˙︶˙♡)",5,0,1,0,图文,"['拍照', '华为怎么样', '摄像头', '美颜', '自拍']","['摄影', '摄影技巧']",2020/5/10,荔枝酱,,奶瓶薯,女,地球的某一片红薯地,12,2,7,1,11,https://www.xiaohongshu.com/discovery/item/5eb81e390000000001006590
华为,推荐潮牌Gucci米奇标签苹果、华为手机壳,配套的透明壳子有苹果6-11pro max，华为p30/30pro/p40/40pro/mate30/mate30pro（自带防尘塞）,3,0,1,0,图文,"['古驰怎么样', '手机壳', '宝格丽怎么样', '潮牌', '米奇']","['科技数码', '数码']",2020/5/10,mine97min,分享手机壳+各种数码好物,困困薯,女,广东 深圳,45,93,32,43,300,https://www.xiaohongshu.com/discovery/item/5eb81c4800000000010059fc
华为,华为 新拟态键盘 get,华为三个颜色新拟态 键盘,0,3,0,0,图文,['华为怎么样'],"['科技数码', '使用技巧']",2020/5/10,Choker?,爱你,困困薯,女,湖北,17,6,17,20,110,https://www.xiaohongshu.com/discovery/item/5eb81ada0000000001005094
华为,新入手的华为Nova7 se,又获得了一部华为手机，感觉棒棒哒！全面屏好长，功能齐全，够我使用了，使用感也不错[飞吻R],1,2,0,0,图文,"['华为怎么样', '使用感', '华为手机', '全面屏']","['科技数码', '数码']",2020/5/10,琴声悠悠930309,,困困薯,女,地球的某一片红薯地,9,10,12,0,17,https://www.xiaohongshu.com/discovery/item/5eb816020000000001000259
华为,母亲节礼物|华为手环4pro?,"?因为前阵子送妈妈一个华为手机嘛 平时爸爸妈妈也都挺爱运动的 每天去公园走走圈 两个人也经常去健身房游泳?‍♀️ 所以母亲节的礼物?就想到了买个华为手环送她！！
看好了游泳?‍♀️也可以带这点！?粉色的妈妈非常喜欢！☺NFC支付功能，公交卡，门禁卡功能可以说是超级方便了！
️?今天和她视频指导她已经使用上啦～
✨使用指南：
1⃣️手机下载华为运动健康app, 充电座连接手环 自动开机 蓝牙自动打开 然后在app里面点击设备➡️添加设备➡️手环➡️华为手环4pro
2⃣️点击开始配对，app会搜索出可连接的手环，选中你的开始配对
3⃣️手环震动提示配对请求，点击✅ 配对成功
✨苹果手机ios系统下载app就可以，不过有些功能不能使用 ?详细功能介绍见图3
?华为产品还真是挺香的 我也想弄个华为手表戴戴啦 性价比很高呀！",5,0,1,0,图文,"['运动', '智能', 'ios', '母亲节礼物', '游泳']","['科技数码', '数码', '智能设备']",2020/5/10,黄多肉,"✨记录美好生活✨
?走在种草和被种草的歪路上?
?喜欢就关注我叭！ 嘿嘿！?",困困薯,女,辽宁  大连,9,28,37,275,632,https://www.xiaohongshu.com/discovery/item/5eb8127c0000000001005bf4
华为,华为手机,白天用华为手机夜景拍摄，不要太美，图片都是直出的,0,0,0,0,图文,"['华为手机', '华为怎么样', '手机摄影', '夜景']","['科技数码', '数码']",2020/5/10,“W”,None,困困薯,女,地球的某一片红薯地,1,6,1,0,17,https://www.xiaohongshu.com/discovery/item/5eb8104f0000000001001989
华为,有没有去过华为售后的姐妹解答一下,"华为mate pad pro出现了红线
去售后店检测是屏幕问题，买了两个月免费换屏
但是这几天没屏，所以过几天修，但是现在又给说可以换新机！新机会不会是翻新机啊！
呜呜呜",0,0,0,0,图文,"['华为怎么样', '平板电脑', '平板电脑推荐']","['科技数码', '数码']",2020/5/10,相信爱的梦想家！,None,困困薯,女,地球的某一片红薯地,46,56,1,0,14,https://www.xiaohongshu.com/discovery/item/5eb80dd90000000001007d62
华为,新式贴膜，华为曲屏超级好用,"超级贴合华为曲屏膜
新式贴法，比买防爆膜贴麻烦一丢丢，但是，超级好(✪▽✪)
液态硅胶
蓝宝石镀晶系列钢化膜[斜眼R][斜眼R][斜眼R]",0,2,0,0,图文,"['华为怎么样', '蓝宝石', '硅胶']","['科技数码', '数码']",2020/5/10,lemon5621,还没有简介,尿布薯,女,吉林 长春,9,10,0,1,18,https://www.xiaohongshu.com/discovery/item/5eb7fb980000000001004bc5
华为,取消H.265，新的格式MP5格式问世，华为首发,"取消H.265，新的格式MP5格式问世。华为首发。
知识：比H.265更先进！MPEG-5编码标准落地：华为、高通、三星首批支持。
经过两年时间的紧张工作，由ISO（国际标准化组织）牵头、华为、高通、三星等企业领导制定MPEG-5 EVC编码标准正式落子定稿。
本周，华为、高通、三星出面欢迎MPEG-5 EVC的推出，除了首批支持，三大主要贡献者也表态会采取多种方式扩大新标准的影响力。
MPEG-5 EVC是继1993年的MPEG-1（主要用于CD视频）、1995年的MPEG-2（主要用于DVD和数字广播电视）、2003年的MPEG-4 Part10（AVC/H.264）、2013年的MPEG HEVC（H.265）后，又一划时代的编码标准。
我们知道，当前H.265主要用于4K、HDR（高动态范围）、WCG视频（宽色域），MPEG-5的使命在于让4K、8K、VR/AR、HDR以更快、更优质的方式普及。
经查，MPEG-5 EVC有Layer1（基本模式）和Layer2（主模式）两个层级，Layer 1免授权费，Layer 2则包含所有的技术组件并支持单独开闭，至少120帧、10位精度。
测试数据显示，MPEG-5 EVC在主模式下拥有和H.265相同的视频质量，但平均比特率降低26%；基本模式相较于H.264，平均比特率降低31%，解码时间减少60%。",1,0,0,0,图文,"['三星怎么样', '华为怎么样', 'vr']","['科技数码', '数码']",2020/5/10,五月数码科技,Z神通成员，自媒体全覆盖，数码评测，资讯大咖,泡泡薯,男,地球的某一片红薯地,38,293,183,246,1983,https://www.xiaohongshu.com/discovery/item/5eb7f90d0000000001007c97
华为,华为原相机拍景真的也很美,放学回家的时候看见云好好看就拍了一下发现华为相机真的棒 真的好美 没有用过苹果?但是真心感觉华为拍照 好可 你们都是什么手机呀,9,0,0,0,图文,"['相机', '华为怎么样', '拍照', '华为原相机']","['摄影', '摄影技巧']",2020/5/10,L.,None,奶瓶薯,女,地球的某一片红薯地,50,2,2,3,42,https://www.xiaohongshu.com/discovery/item/5eb7f46a000000000100232e
华为,华为mate book14真香,入手半个月华为mate book14，I5触屏版，真香[飞吻R]，很方便，当时与13做过对比，毕竟13的粉色还是很诱人的，最后选择了14，因为直接带usb口，屏幕整体比例比较顺眼，不需要转换插头，简洁，一眼喜欢上灰色，只是键盘内置中间摄像头很妖化，照妖镜般无手机摄像的强大技术，视频需谨慎[笑哭R]，整体来说很适合学生党和办公用,4,0,0,0,图文,"['华为怎么样', '摄像头', '学生党', '华为matebook14']","['科技数码', '数码']",2020/5/10,大堇堇,灿烂不褪色,奶瓶薯,女,地球的某一片红薯地,23,3,33,0,10,https://www.xiaohongshu.com/discovery/item/5eb7ee950000000001007ef1
华为,华为字体,滴滴滴，今日华为字体，主题里面限时下载喔,1,6,1,0,图文,['华为怎么样'],"['科技数码', '使用技巧']",2020/5/10,木槿小北,小司没吃药,奶瓶薯,女,地球的某一片红薯地,7,4,0,2,15,https://www.xiaohongshu.com/discovery/item/5eb7ee530000000001007dbc
华为,迷一样的华为相机,"下楼遛个弯弯
你们买的华为手机如果拍照有色差有一点点模糊，并不明显那种，一定要去检测一下，我刚买了四天的p40pro 就是相机有问题 但是如果我没有和我老公的相机拍照做对比我是不知道的[汗颜R]
今天手机检测加换机用了4个小时，我想我应该去买一张彩票",0,5,0,0,图文,"['相机', '拍照', '华为怎么样', '华为手机']","['科技数码', '数码', '手机']",2020/5/10,喜悦,找一个安静的地方，记录生活～,奶瓶薯,女,中国,56,16,48,7,34,https://www.xiaohongshu.com/discovery/item/5eb7df740000000001002754
华为,0元看遍全网视频|华为手机隐藏能力大公开‼️,"今天要跟大家安利一款华为和荣耀手机自带的追剧APP〖华为视频〗。
真的不说不知道，之前我还傻兮兮的下载了优酷，现在果断删除，为手机节省空间（清理癖）。
而且你们知道吗？这个〖华为视频〗里面包含了优酷、芒果TV、腾讯视频 这三个大平台的视频内容❗️
还不止是这样❗️它里面还有一些独播电影，其他地方找不到的❗
我是怎么知道的呢，就是之前想找找看有没有《疯狂外星人》，原本哪里都找不到，结果别人告诉我我手机里直接就能看❗ 简直不要太惊讶❗
对了，还有想看《误杀》的朋友也可以先睹为快了❗
真的太惊喜......
新用户还能免费领取一个月华为影视VIP+芒果专区双会员套餐
我觉得我的iPad要被我丢在一边了，因为接下来恐怕都会用手机看视频??",125,76,81,0,图文,"['华为手机', '优酷怎么样', '华为怎么样', '面包', 'ipad']","['科技数码', '使用技巧']",2020/5/10,美国洋洋,"?  梦想: 赚很多钱?让自己拥有一个庄园?
可以用来收留一些流浪狗?愿世界美好??人人心善",金冠薯,男,上海  静安,147,553,150284,60714,197348,https://www.xiaohongshu.com/discovery/item/5eb73d0b000000000100007b
华为,华为正品,"主打华为产品，其他的产品也有哦
绝对保证是原装正品，价格上价廉物美
你想要的我都有[勾引][勾引]",7,2,0,0,图文,"['厦门香草园酒店自由行热门攻略', '香草', '华为怎么样', '返校进行时']","['科技数码', '数码']",2020/5/10,Gentleman,还没有简介,奶瓶薯,男,中国  ,6,1,7,0,7,https://www.xiaohongshu.com/discovery/item/5eb7d6bc0000000001003615
华为,华为p40和maet30选哪个纠结,华为maet30性价比高，但是p40大小合适，一时不知道选哪个，请大家给推荐一下,3,4,0,0,图文,['华为怎么样'],"['科技数码', '数码', '手机']",2020/5/10,谷晓蕾,None,奶瓶薯,女,地球的某一片红薯地,7,2,4,0,6,https://www.xiaohongshu.com/discovery/item/5eb7d59f000000000100790b
华为,恭喜华为，终于掌握了手机的核心技术[,"好了，你们满意了吧？华为申请了一个马达专利[doge]
恭喜华为，终于掌握了手机的核心技术[doge][doge][doge] ​​@华为终端",1,0,0,0,图文,"['数码', '华为怎么样', '华为数码']","['科技数码', '使用技巧']",2020/5/10,五月数码科技,Z神通成员，自媒体全覆盖，数码评测，资讯大咖,泡泡薯,男,地球的某一片红薯地,38,293,183,246,1983,https://www.xiaohongshu.com/discovery/item/5eb7cf880000000001000f12
华为,华为刚刚又申请了一项专利，防尘防水方面,"华为刚刚又申请了一项专利，防尘防水方面或有大提升[并不简单]
申请日期为5月1号，通过专利介绍，可以看出这是一项终端设备上用的防尘防水透气专利，能够有效防止防尘防水的同时透气失效，也就是说，既保证了防水透气膜使用的稳定性，也保证了移动终端能够稳定的和外界气压保持连通。@华为终端
华为目前已经拥有了世界最高防水级别IP68，此项专利有可能会让防水的功能更加多样化和强大化。",1,0,0,0,图文,"['透气', '数码', '华为怎么样', '华为数码']","['科技数码', '数码']",2020/5/10,五月数码科技,Z神通成员，自媒体全覆盖，数码评测，资讯大咖,泡泡薯,男,地球的某一片红薯地,38,293,183,246,1983,https://www.xiaohongshu.com/discovery/item/5eb7cf390000000001000d6d
华为,华为p40pro使用感想,"???
华为p40pro用了差不多快半个月了，我来说一说感受。
???
首先，手机像素真的好，特别适合我这种喜欢拍照的女生。
???
其次，手机充电速度特别快，哈哈，不用再像以前的时候焦灼的等待手机充满电才能玩了。这款手机感觉刚拿去充电，没一会儿就充满了，哈哈。
???
然后，手机的亮度可以根据你所处的环境亮度自动调节，手机亮度自动我感觉挺方便的。
???
然后，截屏的话其中一种方式是一起按减音量键和电源键，另外一种截屏方式就是指关节双击屏幕两下。
???
然后，长截屏的话其中一种方式是在你截屏后左下角会出现你截屏好的图片，把这张图片往下拉可以滚动截屏。另外一种方式就是指关节在右上角点击画一个“S”可以长截屏，截屏到你想要截屏到的地方，再点击一下屏幕就可以了。保存图片就点击右上角就可以保存了。
???
然后，手势截屏，把手掌放在屏幕一定的距离，等待一会儿，手机屏幕上当会出现一个手掌，握拳头是可以截屏，手掌上下摆动是可以长截屏。
???
最后，手机反应挺灵敏的，下载东西速度挺快的，嘻嘻。",4,2,1,0,图文,"['充电', '华为怎么样', '拍照', '手势', '华为p40pro使用感想']","['科技数码', '数码', '手机']",2020/5/10,小团子和大圆子,None,困困薯,女,地球的某一片红薯地,10,18,2,2,32,https://www.xiaohongshu.com/discovery/item/5eb7cd060000000001004949
华为,苹果平板和华为平板选哪个啊,想入手一个平板不知道选择什么品牌的，想要华为Pro的，可不知道和苹果比那个更合算。,7,58,0,0,图文,"['平板', '樱花雨', '华为怎么样', '一起来看樱花雨']","['科技数码', '数码']",2020/5/10,zzl,是个想赚钱的胖胖可爱的女生，也在努力的减肥中。,奶瓶薯,女,地球的某一片红薯地,3,2,38,1,30,https://www.xiaohongshu.com/discovery/item/5eb7cb2200000000010036df
华为,华为PK腾讯,华为跟腾讯，谁才是深圳科技头牌，你怎么看？,1,2,0,0,视频,"['华为怎么样', '高科技']","['科技数码', '数码']",2020/5/10,商业小纸条,"?乐客独角兽（合伙人）
?每日分享商业故事，励志短片，正能量视频
?学习改变命运，行动改变生活
?创业项目，短视频教学
?关注我，与您一起学习成长",困困薯,男,地球的某一片红薯地,0,46,32,23,154,https://www.xiaohongshu.com/discovery/item/5eb7c89f00000000010027c7
华为,5年果粉转华为mate30的使用体验,"⭐5年果粉转华为的使用体验:
关于苹果??
于我而言，苹果系统最大的亮点是流畅、安全、操作界面简洁大方。
✨✨
但是苹果系统的可玩性和人性化设计太差了，系统更新了一代又一代，几乎没太大变化，之前没换华为的时候还没感觉，现在一对比，太明显了。
还有苹果的摄像头，我几乎不用苹果自拍?，因为苹果的前置摄像头拍出来我的脸是歪的…关键是平时也不觉得自己脸歪啊[害羞R][害羞R]
关于华为??
用苹果之前我最后一部手机是小米，好像是小米2，全新的手机?用了不到半年就开始卡顿，后来和苹果的各种流畅一对比，让我彻底沦陷成为了果粉。
????
然后如今的安卓系统已经不是那时候的安卓了，华为也不再是曾经的华为。
[黄金薯R][黄金薯R][黄金薯R]
我从苹果换华为基本上算是无缝对接，玩机手册看了两遍就沉浸在华为的各种强大的功能和人性化设计之中，比如??强大的拍照功能，超强的续航能力，双屏功能，截长图，自带的录屏功能，系统克隆，软件分身各种，简直像发现了新大陆，很庆幸自己没有继续选择苹果。
⭐⭐⭐⭐
但是和苹果对比，华为我最不喜欢的地方就是下载软件时需要获得各种权限。
下载软件的时候，苹果只需要输入apple ID密码就能直接下载，但是华为需要获得你的各种权限，有时候得点好几下，一是麻烦还有就是觉得不安全，我就想下载个软件，你获得我通讯录信息干嘛？
不过总得来说，瑕不掩瑜，总体的使用感很不错，我这个5年的果粉算是正式脱坑啦！
??????
以上是我在买华为mate30的购机选择和一些和苹果系统的对比?使用感受，希望能给有需要的小伙伴一些帮助，笔芯~",12,61,0,1,图文,"['果粉', '华为怎么样', '摄像头', '克隆', '拍照']","['科技数码', '数码']",2020/5/10,是z七呀,爱好广泛的科研汪一枚,困困薯,女,中国,39,9,19,92,143,https://www.xiaohongshu.com/discovery/item/5eb7c7420000000001001f12
华为,华为mate30pro,罗兰紫太好看了，特别适合女生，用了七八年的苹果转华为，颜值没让我失望，功能待试用。有用过的红薯粉们分享一下心得，教教我这个新手?,4,0,0,1,视频,['华为怎么样'],"['科技数码', '数码']",2020/5/10,雅宝儿,None,困困薯,女,地球的某一片红薯地,41,9,21,32,49,https://www.xiaohongshu.com/discovery/item/5eb7bcb30000000001007154
华为,求华为mate30pro拍照好用相机,求华为mate30pro拍照好用相机，自带相机拍照怪怪的，有木有[微笑R],4,0,0,0,图文,"['拍照', '相机']","['科技数码', '数码']",2020/5/10,尽述?,None,尿布薯,女,地球的某一片红薯地,10,1,4,0,4,https://www.xiaohongshu.com/discovery/item/5eb7b7e9000000000100565a
华为,华为夜景,我用的华为mate30拍的月亮 还是挺好的 哈哈哈[大笑R],5,0,0,0,图文,"['夜景', '华为怎么样']","['科技数码', '使用技巧']",2020/5/10,哈尼_58844268,,奶瓶薯,女,地球的某一片红薯地,44,4,8,0,13,https://www.xiaohongshu.com/discovery/item/5eb7b7dd0000000001000866
华为,华为watch GT2到底值不值得买！？,"第一，华为的这块表售价1538
我从?上买了一块，后来因为电量问题退掉，又在旗舰店买了一块一模一样的
说一说功能问题
1.电量问题
官方说续航7天，我换了两块表都无法做到，在旗舰店这块可以勉强五天，并且是在华为说的典型情况下。
2.卡顿
两块表卡顿都是有的，只要是点开其他功能再回主页面都会卡顿一到两秒，店员说这是华为手表的bug，暂时来讲，修不好。
3.音乐功能
还是不错的，可以控制手机音乐
4.抬腕亮屏
非常辣鸡，在床上躺着用特别不好使，有时闪一下灭屏了
5.运动模式
一般般，说100种只有15种
6.女孩子的月经功能
完全没有呢
总体来说一般般
唉?",5,18,0,0,图文,"['华为怎么样', '月经', '运动', '手表']","['科技数码', '数码', '智能设备']",2020/5/10,H·X ,None,奶瓶薯,女,地球的某一片红薯地,29,5,1,4,27,https://www.xiaohongshu.com/discovery/item/5eb7b3210000000001002dce
华为,这是华为p40pro原相机拍摄的,这是华为p40pro原相机拍摄的，给人感觉色泽很鲜艳，焦距很好，突出重要物体，拍摄食物杠杠的，无需调色,1,0,0,0,图文,"['相机', '华为怎么样', '华为p40pro']","['摄影', '摄影技巧']",2020/5/10,丹爷,None,困困薯,女,地球的某一片红薯地,78,97,36,217,860,https://www.xiaohongshu.com/discovery/item/5eb7b2d40000000001002c13
华为,Oppo手机弄的华为插件,"哈哈哈哈哈哈
华为插件真的好爱
太好看了！！",11,8,1,0,图文,"['oppo怎么样', '华为怎么样']","['科技数码', '使用技巧']",2020/5/10,Dear_晚晚,??,困困薯,女,中国  ,2,3,9,5,46,https://www.xiaohongshu.com/discovery/item/5eb7b20b0000000001007717
华为,华为机主看过来❗❗❗,华为手机，如何拍出色彩变化的视频？！,1,0,0,0,视频,"['华为怎么样', '凯儿得乐专营店(宝盛里店)自由行热门攻略', '黑科技', '华为手机', '华为黑科技']","['科技数码', '使用技巧']",2020/5/10,凯儿得乐宝盛里合伙人,凯儿得乐＆超人口袋品质传递者,金冠薯,男,北京  朝阳,188,772,6889,23648,19238,https://www.xiaohongshu.com/discovery/item/5eb7a94f0000000001003710
华为,华为手机拍照自带美颜,你可以很骄傲的说没有美颜[偷笑R][偷笑R][偷笑R]华为自带美颜，大家值得拥有[赞R][赞R][赞R],3,0,0,0,图文,"['美颜', '拍照', '华为手机', '华为怎么样']","['摄影', '摄影技巧']",2020/5/10,渔若,笑起来真好看！,困困薯,女,地球的某一片红薯地,85,10,73,21,152,https://www.xiaohongshu.com/discovery/item/5eb7a53f0000000001002274
华为,华为GT2手表美呆了！,华为这款表实在是太貌美了！,31,20,7,8,图文,"['华为怎么样', '手表', '华为WATCH GT 2']","['科技数码', '数码', '智能设备']",2020/5/10,wljwlj,,困困薯,女,地球的某一片红薯地,33,12,37,81,224,https://www.xiaohongshu.com/discovery/item/5eb795240000000001000a75
华为,新款发财毛绒华为p30手机壳mate30pro女腕带,新款发财毛绒华为p30手机壳mate30pro女腕带p20pro挂绳mate20硅胶,0,0,0,0,图文,"['手机壳', '毛绒', '深圳湾自由行热门攻略', '硅胶']","['科技数码', '数码', '手机周边']",2020/5/10,无棣3c数码科技商城,无棣3c数码科技,困困薯,男,中国  ,0,15,49,18,71,https://www.xiaohongshu.com/discovery/item/5eb77ae50000000001004efb
华为,华为主题插件也太好看了吧,分享我的小插件，有姐妹有兴趣的话再出个教程?? #华为 HUAWEI[品牌]#,3,1,1,0,图文,"['华为怎么样', '相机', '美剧', '小朋友']","['科技数码', '使用技巧']",2020/5/10,杨有钱！,在家,奶瓶薯,女,地球的某一片红薯地,62,2,4,2,8,https://www.xiaohongshu.com/discovery/item/5eb76ce5000000000100309e
华为,购物 - 华为荣耀手环5,"总体评价：性价比高，颜值担当
购买渠道：某宝华为旗舰店
手环颜色：珊瑚粉
购买价格：149元
一直想买个手表，去过实体店有好看的手表但无奈价格高昂，多重考虑下选择购买运动手环。荣耀手环5有4个颜色，女生建议购买珊瑚粉，非常少女可爱，初次购买需要充电后会自动开机，然后在手机上下载运动健康APP添加设备就可以正常使用了。关于更换表盘一定要注意苹果手机是更换不了的，一定要在安卓手机的APP上功能去点击“我的”就可以看到表盘市场，只能下载12个，有多种风格可以根据自己的喜好下载。续航能力预计是14天，我也会在使用中多关注的?",7,2,1,0,图文,"['华为荣耀', '华为怎么样', '珊瑚粉', '手表', '郴州自由行热门攻略']","['科技数码', '数码', '智能设备']",2020/5/10,牛小白,美好时光值得被记录,None,女,中国,0,2,3,2,16,https://www.xiaohongshu.com/discovery/item/5eb759e600000000010064d6
华为,,"新款手机壳
清新桃子
适用：华为（荣耀20  荣耀20pro  P30 P30pro  Nova 4  Nova 5/5pro mate 20 mate20pro mate 30 mate30pro  ）",2,0,0,0,图文,"['手机壳', '华为怎么样', '个性手机壳推荐']","['科技数码', '数码']",2020/5/10,Lee梦绮,None,困困薯,女,地球的某一片红薯地,18,19,4,2,16,https://www.xiaohongshu.com/discovery/item/5eb7573f000000000100094d
华为,,"新款手机壳
滴胶小香风
适用（华为）P20  P20pro  P30  P30pro  Nova4  Nova5/5pro  Nova6 mate20  mate20pro  mate30  mate30pro",2,0,1,0,图文,"['手机壳', '华为怎么样', '小香风', '个性手机壳推荐']","['科技数码', '数码', '手机周边']",2020/5/10,Lee梦绮,None,困困薯,女,地球的某一片红薯地,18,19,4,2,16,https://www.xiaohongshu.com/discovery/item/5eb7567000000000010055b4
华为,?华为手机主题 第二弹,"华为手机市场上新几款
LINE FRIENDS的手机主题
无论锁屏还是小图标都可爱至极，
配合多壁纸和小动画。
是个小可爱的手机呢~",4,4,2,0,图文,"['华为手机', '华为怎么样', '壁纸', '动画', 'line friends怎么样']","['科技数码', '使用技巧']",2020/5/10,是花骨朵兒吖。,,困困薯,女,地球的某一片红薯地,155,6,67,181,276,https://www.xiaohongshu.com/discovery/item/5eb751180000000001007fec
华为,华为图标真的超仙！,华为主题，赞过20更教程。,6,2,1,0,图文,['华为怎么样'],"['科技数码', '使用技巧']",2020/5/10,辞玖,None,奶瓶薯,女,地球的某一片红薯地,1,3,1,2,19,https://www.xiaohongshu.com/discovery/item/5eb74a0d0000000001006a4a
华为,华为matepad pro➕画世界,"✨最近入手华为最新款的平板
#MatePad Pro 10.8英寸 麒麟990芯片 绚丽全面屏 平板电脑[商品]#
✨真的是买后生产力
?本来想只作为记笔记的工具用
?结果下载了各种画板
?不过不是专业画画
?也没有学过任何美术的技巧
✨所以只是各种临摹博主的作品
〰️〰️➰〰️〰️
✨这个??粉红醋栗是 @吕小妮Jenny 原创
☀️APP是画世界
✨个人觉得autodesk出的sketchbook
☀️或者概念画板也可
〰️〰️➰〰️〰️
☁️第二张是我和老公回家里坐飞机的时候
☁️看见一个心形的云朵
☁️就画下来了
〰️〰️➰〰️〰️
手写感受方面我只是
试用过表妹 @LEMON 的ipad
因为写的比较少
也说不出和matepad pro啥区别
感觉matepad pro我自己用起来很舒服
华为的M-pencil超级轻（是我喜欢的一点）
?有一点是真的
✏️好好练练自己的字
?无论哪个平板写出来都好看",8,2,2,2,图文,"['华为怎么样', '粉红', '平板', '平板电脑', 'ipad']","['文化', '绘画']",2020/5/10,张馨予,"甜甜爱情看到我
本科清华大学，美国乔治梅森大学游学半年，研究生UCB",奶瓶薯,女,北京 海淀,51,3,12,2,19,https://www.xiaohongshu.com/discovery/item/5eb7463e00000000010060c1
华为,华为p40Pro,"天呐噜!
华为P40 Pro是华为公司研发的智能手机，于2020年3月26日在线上全球发布。
华为P40 Pro搭载麒麟990 5G处理器，采用6.58英寸曲面屏幕，搭载5000万像素四摄系统，内置EMUI10.1系统。
到手真的美滋滋",5,21,1,0,图文,"['华为怎么样', '华为公司', '智能手机']","['科技数码', '数码']",2020/5/9,开心,薅羊毛大队,奶瓶薯,女,地球的某一片红薯地,9,11,0,1,22,https://www.xiaohongshu.com/discovery/item/5eb6c07e0000000001007338
华为,华为mate30，mate30pro罗兰紫女生必入,#华为 HUAWEI[品牌]# #Mate 30 Pro[商品]# #HUAWEI Mate 30 5G 麒麟990 4000万超感光徕卡三摄[商品]# #Mate 30 Pro 双4000万徕卡电影四摄 超曲面OLED环幕屏全网通4G版[商品]#全家入了华为的坑，哈哈哈（Only我还忠于苹果）2019年刚上市mate30pro，给爸爸入了黑色8+256GB-6899，tb上12期免息分期买的，免息觉得很划算！因为爸爸爱拍照，爱听音乐！就买了个中等内存的！今年妈妈手机喊着坏了不能用了，好吧，母亲节前入了超美罗兰紫mate30，8+256GB-4999，（带妈妈去华为体验店自己一眼看中的这个紫色还说我可不要小内存，拍几张照片就满了巴拉巴拉）老公很早就想换手机，正好母亲节后就是他生日，好吧，入了mate30pro黑色8+256-6399一次性大出血?有点上头有点心痛啊[捂脸R]你们三个真是相亲相爱的华为兄弟啊！这个紫色真的是太喜欢了！好多人不喜欢滚筒摄像头，但是个人觉得这个滚筒摄像头才是我对华为的设计爱了！想买华为的集美们一定要入这个罗兰紫啊！啊啊啊，美[色色R][色色R][色色R]爸爸说给我报销妈妈的礼物，明天我得提醒他一下，哈哈哈[笑哭R][笑哭R][笑哭R],8,22,52,3,图文,"['华为怎么样', '摄像头', '母亲节去哪玩', '沧州市自由行热门攻略', '礼物']","['科技数码', '数码']",2020/5/9,张潇予噢,花钱精买买买???,泡泡薯,女,新加坡,55,30,588,260,528,https://www.xiaohongshu.com/discovery/item/5eb6ba4d0000000001000313
华为,华为手机怎么拍光斑,"☀
华为手机拍照技巧来了
你又学会了吗？@数码薯 @视频薯 @生活薯 @创作者小助手",82,5,54,1,视频,"['华为手机', '拍照技巧', '武汉自由行热门攻略', '华为怎么样', '数码']","['摄影', '摄影技巧', '拍照技巧']",2020/5/9,摄影师陈小刀,"分享手机摄影/相机摄影技巧
后期调色
邮箱?290272931@qq.com
全网同名",金冠薯,男,中国,32,59,55187,107082,118466,https://www.xiaohongshu.com/discovery/item/5eb6a18e0000000001006747
华为,华为的插件简约主题！及花粉俱乐部操作,"华为的插件简约主题我也拥有了！！！找了很久壁纸都没找到合适的，还是纯色的比较简约，因为个人比较喜欢蓝色，所以比较蓝色系 我的手机是荣耀9x，同款快get√起来啊！！！
教程可以看@☔嘻嘻西 的，有些小伙伴会不知道如何拿到花粉俱乐部里，楼主发的隐藏链接。
1.首先在评论区随便打句话。
2.再划到之前隐藏链接的部分，点进去就会跳转。",2,3,1,0,图文,"['华为荣耀', '华为怎么样', '壁纸', '蓝色系', '华为开发者大会']","['科技数码', '使用技巧']",2020/5/9,卑微小余啊.,None,奶瓶薯,女,地球的某一片红薯地,40,1,3,1,2,https://www.xiaohongshu.com/discovery/item/5eb69ff60000000001005dd2
华为,华为新款GT2e真是超级超级喜欢?,,7,0,0,0,图文,['华为怎么样'],"['科技数码', '数码']",2020/5/9,浩冉,,None,女,地球的某一片红薯地,34,1,1,0,9,https://www.xiaohongshu.com/discovery/item/5eb6777100000000010037f8
华为,有没有苹果换华为的集美们来说下～,"更新在最前面，刚入手了华为P40Pro，谢谢各位的建议！目前还在研究中～?谢谢给建议的各位集美们?
———————————————————
8年苹果用户，目前在用XR，想换手机，但是苹果11Max不是5G，感觉用不了多久又得换，而且还不便宜，再加上爱国心理所以想换华为P40pro，不知道能不能适应安卓系统，有苹果换华为的集美们进来说说吗？换华为会不会后悔?",10,236,2,0,图文,['华为怎么样'],"['科技数码', '数码']",2020/5/9,喵喵爱吃小兔叽,None,困困薯,无,地球的某一片红薯地,5,7,10,9,42,https://www.xiaohongshu.com/discovery/item/5eb66c81000000000100778a
华为,华为手机换主题/动态壁纸/字体教程,"之前发了一条笔记，讲了华为手机自带的视频软件
然后这段时间看见好多姐妹问我的主题是哪一个
因为大家都在笔记下评论，所以我回的消息都被淹没在上一条笔记的评论里了[失望R]现在重新写一篇笔记来说明我所用的这个主题（换其它主题也可这样操作）
①首先我用的是手机自带的主题，如P1，2所示（第一排第四个）
②打开主题软件，可以选择主题/壁纸/字体等
③然后选择''排行''，可以看见有热销榜，新品榜，免费榜
④点击免费榜，找到自己喜欢的主题，下载应用即可
我图上这个主题是“X的小刘海”，作者是Rui睿睿?
这个主题软件是华为手机自带的，里面的主题大部分都是适用于我们手机的，类型有很多种，静态/动态/可爱/动漫/风景. . .
PS：不是所有主题都是免费的，也有主题是需要付费的，价格也都几块钱，?2/3～6左右
有些主题更改，软件图标也会跟着改变噢，快去试试看吧！",5,4,1,0,图文,"['华为手机', '壁纸', '华为怎么样', '动漫', '风景']","['素材', '壁纸']",2020/5/9,..,None,困困薯,女,地球的某一片红薯地,2,9,8,144,430,https://www.xiaohongshu.com/discovery/item/5eb65a110000000001004c33
华为,华为主题史努比插件,华为这个插件我简直太爱了!我是看了【你的心上兔】发的弄的（诶特不了她） 真的好看到爆炸![喝奶茶R],9,1,1,0,图文,"['史努比怎么样', '华为怎么样']","['科技数码', '使用技巧']",2020/5/9,厘生,,尿布薯,女,地球的某一片红薯地,2,1,1,1,9,https://www.xiaohongshu.com/discovery/item/5eb657bc0000000001003749
华为,华为mate30pro手机壳分享,"从苹果换成了华为，除了系统不习惯以外，就是壳子好难买啊
特别是曲面屏，挑了好久，买到这几个算还不错的
先来分享一波
还在陆陆续续买，手机壳就是要多多多",2,2,1,0,图文,"['手机壳', '华为怎么样', '配饰', 'moscow', '曲面屏']","['科技数码', '数码']",2020/5/9,小琪小琪 啥都稀奇,,困困薯,女,陕西 安康,62,7,18,19,51,https://www.xiaohongshu.com/discovery/item/5eb64dc90000000001007fab
华为,华为M6手写软件,"华为M6  4＋128G  无线网 没买配套的笔
买来主要用来上网课＋画画的，我也买来没有很久，摸索着用了几个软件，和大家分享一下我的使用感受。
目前我用的最多还是noteshelf，因为ink还是稍微复杂一点需要再熟悉熟悉，不过对于我现在这个状态来说完全够用。
华为自带手写软件我没用，因为看很多小姐姐们说配套的笔并没有很好用[害羞R]所以某宝二十多买了触屏笔，自我感觉无论手写还是绘画都可。",7,5,1,0,图文,"['华为怎么样', '平板', '绘画', '画画', '平板手写软件']","['科技数码', '使用技巧']",2020/5/9,ToAmo.,None,None,女,地球的某一片红薯地,4,2,2,1,9,https://www.xiaohongshu.com/discovery/item/5eb64c3a00000000010075ec
华为,华为用户?免费领取各大视频的会员！,"✔ 划重点——免费！不要钱
? 必须是华为手机才可以哦
? 打开华为视频，点击我的
? 看我图中圈中的部分，因为我已经领过了，所以不是零元，没领过的这上面会显示零元
? 然后就可以领取看啦，但如果不需要续费的小伙伴们记得关掉自动续费哦
✔ 关掉自动续费在 ??微信 ?? 我的 ?? 支付 ?? 右上角三个点 ?? 扣费服务
点击进去就可以关闭啦！
? 最后，我发现，华为视频真的很不错，因为它涵盖了各大视频网站，这样就不用下载那么多软件来追剧啦！
✨  小伙伴们快去行动吧！",23,22,8,1,图文,"['华为怎么样', '华为手机']","['科技数码', '使用技巧']",2020/5/9,予恩同学,爱文字，爱摄影，有许多许多美好的东西等着我去探索,困困薯,女,地球的某一片红薯地,30,6,3,9,43,https://www.xiaohongshu.com/discovery/item/5eb640f1000000000100375a
华为,?华为换图标来了?,"?华为换图标来了?
?不会的，私信跟我说哦?
作图不易，不要喷呢[害羞R]",8,6,1,0,图文,['华为怎么样'],"['科技数码', '使用技巧']",2020/5/9,仙玖月儿呀~?[冲50粉],"介里四月儿呀?
仙☁️ 出??
玖?️ ?里有你
月?️ 小?你是否?❓❓❓
儿? ???加速
?????????
关系都?在这里了哟！",尿布薯,女,地球的某一片红薯地,26,9,3,5,15,https://www.xiaohongshu.com/discovery/item/5eb63f0d0000000001006e39
华为,华为新款配色7号色,华为nova7pro，华为自拍最好的5G手机。前置3200万追焦双摄，业界首发前置眼部追焦，可以实现毫秒级对焦，远拍近拍都清晰。五一户外运动时用nova 7 Pro自拍打卡，可以清晰拍下各个角度最美的你。,2,0,0,0,视频,"['华为怎么样', '自拍', '樱花雨', '眼部', '五一去哪玩']","['科技数码', '数码']",2020/5/9,长安华为,None,奶瓶薯,女,地球的某一片红薯地,59,10,4,1,39,https://www.xiaohongshu.com/discovery/item/5eb63eb50000000001006c55
华为,新款华为mate30手机壳p30pro女p305gmate30,新款华为mate30手机壳p30pro女p305gmate30创意p20透明玻璃mate20,1,0,0,0,图文,"['手机壳', '深圳湾自由行热门攻略', '华为怎么样']","['科技数码', '数码', '手机周边']",2020/5/9,无棣3c数码科技商城,无棣3c数码科技,困困薯,男,中国  ,0,15,49,18,71,https://www.xiaohongshu.com/discovery/item/5eb63c2f0000000001005e70
华为,这是华为品牌新出的什么神仙颜色,华为nova7pro的标志7号色，完美的前后双景录像，美食打卡，经典合影，浪漫告白，所有你能想到的场景，它都可以满足你，同一景象内，你我同在，对的时间，对的地点，对的nova7pro,15,16,1,0,图文,['华为nova7'],"['科技数码', '数码']",2020/5/9,? ? ?,None,None,女,地球的某一片红薯地,0,3,1,1,26,https://www.xiaohongshu.com/discovery/item/5eb62c110000000001004b95
华为,华为备咖是什么东西-手机备份神器！,华为备咖是什么东西-手机备份神器！#好想玩个够#,3,2,1,0,视频,"['vlog', '华为怎么样', '我的开箱Vlog']","['科技数码', '数码']",2020/5/9,渔哥玩世界,还没有简介,困困薯,男,中国  ,1,15,46,4,45,https://www.xiaohongshu.com/discovery/item/5eb624450000000001006087
华为,有姐妹推荐一下华为手机哪款好吗??,想买华为手机，不知道哪款比较好，价格在3000以下的，256g的，打游戏尽量不卡那种，本人学生党，还有一年就要毕业了。[害羞R][害羞R],7,80,2,0,图文,"['华为手机', '华为怎么样', '学生党']","['科技数码', '数码']",2020/5/9,蛋糕草莓酸奶,看评论,奶瓶薯,女,韩国  首尔,77,3,16,23,24,https://www.xiaohongshu.com/discovery/item/5eb61ed80000000001002946
华为,华为手机壳私藏店铺推荐?你接住了吗？,"最近蛮多小姐妹问我有没有华为手机壳推荐
那就来喽???
然后我根据自己买的情况给大家排雷
推荐给大家一些很个性的手机壳
?宝：
p1：meowcase
p2-3:UFOLOGY
p4:易续
p5:亦与瞬
p6:一壳惊人
p7:可比拉
p8-9:深圳名品创达
我现在用的是第一款的小狮子?
使用感想?：手感很好  质量也不错  就是可能质量太好了  拿着有点重  而且镜头全包不用买镜头保护膜
总体感觉完美?
大家喜欢哪一款可以在评论区留言哦
反馈比较好的话 我会出第二期哒
???",33,8,30,1,图文,"['手机壳', '华为怎么样', '原创设计', '个性手机壳推荐']","['科技数码', '数码']",2020/5/9,zero,还没有简介,甜筒薯,女,中国  ,23,12,1521,1476,3280,https://www.xiaohongshu.com/discovery/item/5eb6086a0000000001004534
华为,华为更新系统,华为nova5pro，还是没忍住把小红点去掉了，更新完这个下拉栏里的图标真的变得好大，不过还好能接受。感觉更新完之后手机应用点开反应变快了，指纹解锁也比以前好了，总体还是不错的，他们说更新后耗电快还没感觉到，但是qq通知看不到内容，不好直接锁屏回复了，其他没什么了,20,27,2,0,图文,['华为怎么样'],"['科技数码', '使用技巧']",2020/5/9,Shy-girly,迷糊 多愁善感 爱乱想,奶瓶薯,女,地球的某一片红薯地,11,4,7,2,28,https://www.xiaohongshu.com/discovery/item/5eb600fc00000000010062eb
华为,华为免费主题X的小刘海，许光汉壁纸,"作为女生经常用着一个主题就烦了
华为多种多样的免费主题真的很香
?今日份心动搭配
?主题名称：x的小刘海
壁纸在第4、5张图~",4,0,2,0,图文,"['壁纸', '刘海', '华为怎么样', '搭配', '华为主题']","['素材', '壁纸']",2020/5/9,泡泡怎么抓不住,,奶瓶薯,女,地球的某一片红薯地,0,1,3,2,4,https://www.xiaohongshu.com/discovery/item/5eb597860000000001007145
华为,华为手环4和4pro，第一次跑步打卡！加油,"第一次用运动手环，入手了华为4，不知道怎么选，看了看华为4和4pro，专卖店里只有4pro黑色试用，我超级喜欢粉金色那款[色色R]，而且可以模拟门禁卡，但不是所有地区所有小区都能用，带密码的门禁就不能模拟，4pro最吸引我的功能却不能用[哭惹R]再说这个独立Gps，对我来说可有可无的，因为我跑步要开着手机?软件，Gps直接用手机?的。这两大区别优势对我都无用武之地[失望R]所以选4对我这个初跑者足够，而且以后有经验可以换运动手表功能更精准
~~今天第一次开始跑步?，循序渐进[派对R]给自己加油
现在很想试试游泳??看看防水到底行不行[吃瓜R]",2,2,2,0,图文,"['跑步', '华为怎么样', '东山楼', '运动手表', '音质']","['科技数码', '数码', '智能设备']",2020/5/8,娜朵?,哼！,泡泡薯,女,地球的某一片红薯地,46,21,132,203,436,https://www.xiaohongshu.com/discovery/item/5eb570530000000001000bf4
华为,华为手机秒变充电宝,华为手机部分机型支持反向充电功能的部分机型可以给支持无线充电的机型充电。,109,19,53,4,视频,"['充电', '华为手机', '华为怎么样', '华为授权体验店(万佳店)自由行热门攻略', '华为P40']","['科技数码', '数码', '手机']",2020/5/8,华为手机技巧,分享华为手机使用技巧,文化薯,男,安徽  安庆,19,11,15694,7871,7209,https://www.xiaohongshu.com/discovery/item/5eb56db500000000010051af
华为,,"刚入手D14
刚开始在惠普和华为之间纠结
最后还是选择了华为
因为性价比比较高哈哈
我买的是锐龙版的 16g+512g 集显 色域45%
之前看的惠普灵越因为它带有键盘光很好看所以喜欢
后来把华为的买回家才发现原来这电脑也有键盘背光
真的是太爱了  隐藏摄像头 指纹解锁 键盘背光 完美
我是在实体店买的 当时店员也和我说电脑买新款的好
然后我就选择了华为  买回家真是太满意了
对于日常办公 看看电视的我完全足够  nice",26,37,2,0,图文,"['惠普怎么样', '笔记本', '华为怎么样', '摄像头', '华为笔记本']","['科技数码', '数码']",2020/5/8,木楠,,奶瓶薯,女,地球的某一片红薯地,36,1,11,2,26,https://www.xiaohongshu.com/discovery/item/5eb56d6a0000000001004fb7
华为,华为nova7pro?,"华为nova7pro开箱体验
去了好多家实体店都没有7号色现货，可见有多热销，本来已经打算在官网买了，但最后逛的一家实体店说可以帮我们调货！！！
还送了一个p40的礼盒（个人觉得比nova的礼盒好多了），一个三脚架自拍杆+原装充电器
图二三四是实测拍月亮的图?",7,2,2,0,图文,"['华为怎么样', '充电器', '三脚架', '自拍杆', '华为nova7']","['科技数码', '数码']",2020/5/8,#NAME?,None,奶瓶薯,女,地球的某一片红薯地,1,1,2,2,7,https://www.xiaohongshu.com/discovery/item/5eb55ea70000000001001607
华为,华为【7.0.14微信模块】| 草莓红,"虽然?不是这个颜色
但是这里的颜色我是在一张?照片里提取出来的
所以我就以“草莓红”命名了
教程在主页视频里面
获取看最后两张图
这次的图片没有拼接
聊天对话框我都加入了小图案
配有聊天气泡、红包转账、底栏、加号背景、长按弹出框以及朋友圈两个赞评背景
赞评背景我加了阴影
然后我感觉不是很好看的样子
使用时一定要明确微信版本号
版本号不一样，是无法使用的
安装完模块需要重新应用导入模块后的主题
【重点】:安装好模块后重新应用主题后打开微信可能没有变化，关闭微信等待10-20秒重新打开微信就会显示
如果按照我的教程做了，还没有显示，就可能是你的手机不能使用第三方微信模块的原因
恢复主题教程:
把微信模块在主题里删除，退出再重新应用就好了
如果百度网盘始终下载不成功，就把模块保存到网盘里再下载一次",311,21,105,0,图文,"['草莓红', '壁纸', '华为怎么样', '动画', '阴影']","['科技数码', '使用技巧']",2020/5/8,青山独归晚,"ᵕ̈安卓手机美化博主  ᵕ̈
    喜欢就关注我吧?",困困薯,女,中国  ,72,56,403,504,1988,https://www.xiaohongshu.com/discovery/item/5eb52f6c0000000001003185
华为,化个妆去华为公司面试，惊艳全场,关注我吧❤️每晚8点直播教化妆，点头像进直播间,3202,53,368,65,视频,"['面试', '化妆', '华为公司', '华为怎么样', '化妆教程']","['美妆', '彩妆', '整体妆容']",2020/5/8,爱化妆的天易,"每晚8点直播化妆 
有任何问题私信我
邮箱?：525972076@qq.com",金冠薯,女,中国,6,119,46522,17870,145197,https://www.xiaohongshu.com/discovery/item/5eb5281f000000000100605f
华为,华为nova7系列 你在焦点在,"随着4.28日华为nova7系列开售，
分别有
nova7pro  全球自拍最好看的5G手机
nova7        华为最轻薄的5G大屏旗舰手机
nova7Se    华为性价比最高的5G手机
华为nova7 Pro本次最大的亮点就在于它的前置3200万追焦双摄。
常规手机标配的定焦镜头只能支持固定距离的拍摄，自拍过程中远离或者靠近前置的定焦镜头时，实际的成像都会有明显的模糊，特别是在视频拍摄过程中无法拍出更多场景。而华为nova7 Pro通过“自动对焦”+“眼部追焦”的方案解决了前置拍摄的对焦难题。
当然，华为nova7 Pro的强大不仅限于自拍，它还有着强力的后置拍摄能力。华为nova7 Pro后置搭载了6400万变焦四摄，四摄相机模组分别为6400万像素主摄+800万像素超广角镜头+800万像素潜望式长焦镜头+微距镜头，配合麒麟985 5G SoC芯片的硬件级图像优化及先进的AI算法，实现了全场景摄影体验。
“高颜值”一直是华为nova系列的代名词，本次的华为nova7 Pro也是一样，将手机拿到手中，第一眼就被它的颜值吸引。
华为nova7 Pro搭载全新麒麟985 5G SoC芯片，采用全球领先的7nm工艺制程，性能更高、功耗更低。",85,10,106,0,图文,"['华为怎么样', '自拍', '眼部', '相机', '摄影']","['科技数码', '数码']",2020/5/8,南有乔木,None,奶瓶薯,男,中国  ,1,1,113,106,85,https://www.xiaohongshu.com/discovery/item/5eb509580000000001000552
华为,华为用户可以免费领取各大视频的会员啦！,"姐妹们  不要钱哒！
?那首先就是要是华为手机的用户
?打开华为视频（手机自带的软件哦）
?点击进入右下角  我的
?就可看到图二的优惠信息啦！！！
！！！这里姐妹要注意的事！！！！
如果姐妹们不想续费的话   记得关闭自动续费哦
好啦！姐妹们快去追剧吧！",708,76,286,4,图文,"['华为怎么样', '华为手机', '华为视频']","['科技数码', '使用技巧']",2020/5/8,小小北极熊,我有一个小小北极熊?,困困薯,女,地球的某一片红薯地,53,2,18,289,738,https://www.xiaohongshu.com/discovery/item/5eb4f5000000000001006a34
华为,必须得吹爆?这一款华为新品智能手表?,最近?刚入手了这一款华为新品智能手表? 作为一个从来没有智能手表的人?从没有智能手环到有智能手表的过渡?还真有点不适应?我是在华为官网上预定的?前一天深夜买的?没想到第二天中午就到了? 顺丰也太快了叭?手表支持运动监测?睡眠监测?心率监测?压力监测?消息提醒?支付等功能?真的是太齐全了?我最心水的还是消息提醒功能?麻麻再也不担心我手机不在身边时的任何重要信息?哈哈哈?必须吹爆这一款GT 2e?活力款薄荷绿配色?真的爱了?分享给各位小红薯们? 这是我第一次认认真真写小红书哟?@福利社 @小红书REDesign @华为终端 @华为商城 呼叫薯队长❤我想上头条?处女作就这么献出来了啊‼‼‼哈哈哈???,10,24,2,0,图文,"['智能手表', '华为怎么样', '华为商城(江门万达店)', '薄荷绿', '智能手环']","['科技数码', '数码']",2020/5/8,?憩心❤️囲碁?,,困困薯,女,上海 黄浦,20,3,16,3,19,https://www.xiaohongshu.com/discovery/item/5eb4d5980000000001001591
华为,华为 mate30pro +手机壳,"｜后面是华为Nova2s 用了快两年 我真的太爱了 手感简直了 我很喜欢下面的触摸按键 系统升级之后也是更顺滑了❇️ 之前摔了  然后就不带壳了 摸着心情都好hhh 最终还是被我摔死了 自拍好看 换了手机也喜欢用这个拍 无他调好后 （有人想看我再发）真的太清晰了 睫毛根根分明！以至于打败轻颜在我这里排第一 ?
｜换的华为Mate30pro 真的是越用越喜欢 ?
?我觉得曲面屏没有那么别扭 可能有人不适应侧边音量 我还挺喜欢的  因为mate30屏幕太大太宽就选了这个
如果非说爱碎的话 其实什么屏都有几率碎 要好好爱护阿 可以买碎屏险 这个碎屏险是299一年 前后都包括的 还不错 想裸都可以  外形更好看 颜色真的爱了?
?对于我来说缺点就是自拍不太理想❕因为是固定变焦 所以要在一定的距离内 实在在意这个就挺致命的?
还有一个挺神奇的事 就是拍照 不能看没按拍照时那个画面 要看拍完之后的成片 [吧唧R]其他的可能就是 屏幕发声 单扬声器 我还是可以接受的吧
?还有就是屏幕 要考验人品啦[偷笑R] 有三个供应方 京东方 三星 LG 还是三星钻石排列屏更好一点吧 最开始买的一批100%三星 后面就不一定了 然后自己水滴认屏看了一下 成功上岸[赞R]
? 有人说指纹识别不灵敏 一定要记得在录指纹时 多换些角度 把手指边边也录入 真的超级快? 还有屏幕色彩问题 可以在显示色彩里改 按着原来手机改成一样的 可以把防频闪打开哦 很舒服的[派对R]
真的爱了 尤其一些新科技 用的非常开心?灭屏显示宇航员的很好看 ✅注视不熄屏✅隔空操作✅隐藏信息✅分屏✅提取文字✅全屏翻译✅巴拉巴拉",16,19,2,0,图文,"['华为怎么样', '手机壳', '拍照', '自拍', '三星怎么样']","['科技数码', '数码']",2020/5/8,不落星系.,女大学生的日常昏享⚠️,困困薯,女,地球的某一片红薯地,41,17,2,5,42,https://www.xiaohongshu.com/discovery/item/5eb4cf430000000001002cc5
华为,本华为机终于也拥有facetune2了！！！,"华为千好万好就是没有苹果拍照好看 有些软件也下不了 比如facetune2.以前都是用妈妈手机下这个软件然后修图 非常麻烦 现在终于自己也有了呜呜呜.
说一下华为版的 没有霓虹灯 那个只有苹果有 然后里面有try的保存不了 只有自己截图保存.plmm快来一起修图叭?‍♀️?‍♀️",15,39,2,0,图文,"['修图软件', '华为怎么样', '拍照', '修图app']","['摄影', '摄影技巧', '修图技巧']",2020/5/8,懒得说话,,困困薯,女,地球的某一片红薯地,5,5,5,2,25,https://www.xiaohongshu.com/discovery/item/5eb43f1800000000010062de
华为,1000～2000华为手机推荐,"?2k男性推荐华为荣耀20Pro
女性推荐华为nova5Pro
?1k推荐华为荣耀9X
?都可以玩游戏哦",7,6,2,0,图文,"['华为怎么样', '华为手机', '华为荣耀']","['科技数码', '数码', '手机']",2020/5/7,???Yu 茜瑶,"沉迷吃喝玩乐的小姐姐?
?282594857@qq.com",困困薯,女,中国  ,62,44,37,313,615,https://www.xiaohongshu.com/discovery/item/5eb41a7900000000010016f4
华为,现阶段华为平价手机选购指南,"华为终端包括华为和荣耀两大块。华为主要包括mate系列(高端机)，p系列(主打拍照潮流)，nova系列,(之前是中端市场，)畅享系列，麦芒系列(后两个都是低端)。荣耀主要包括magic，V系列，数字系列，X系列(定位是千元爆款)，畅玩系列(低端的百元机)
注意⚠️pro高配版，后缀有c,i,e，青春版，畅享，畅玩的这一类都是低端机。(不过这些机型用来做备用机也不是不可以或者给上了年纪爷爷奶奶用来接电话打视频也行)
1、mate系列  2500左右的预算  mate20 和mate20pro(全面刘海屏，性价比算比较高的了，但是有些地方可能无库存)可以关注下。
2、p系列，p30(水滴屏，比较轻薄，颜值也可)p30pro(拍照更好，这个具体的亮点你们自己去看，还挺多的，价格3500+)
3、nova系列目前看更值得买4g版本，nova的优势就是自拍和他的颜值。 nova6和nova5pro(水滴屏，轻薄，电池容量有点小，但是是快充)可以关注下。〔我个人不是很喜欢nova系列〕
4、x系列之前比较吃香的9X，是性价比比较高一款了(推荐4+64的划算些)全面屏，电池容量也很ok，缺点就是有点重。
以9x这个价格其实完全可以去看看小米的一些机型，
5、V系列 2000出头的预算 v20可以看看，这是一款真香机，因为自从发布以后降价了很多。(这个其实在清库存了，有些地方没货 ) 更高一点价格可以看看V30/pro
Ps:
个人觉得5G普及最少还有两年？两年来说的话已经是一个手机的使用周期了，到那个时候得又考虑换机了。如果你真的想用5G的话那就选mate30pro(价格6200+)
emmmmmm先说这么多吧，如果你觉得有用可以分享一下  有好的推荐or问题 或者说的不足的地方  评论区可以码出来",6,24,3,0,图文,"['拍照', '魔金怎么样', '华为怎么样', '潮流', '自拍']","['科技数码', '数码']",2020/5/7,咩啊,hello 祝你每天开心,困困薯,女,地球的某一片红薯地,20,13,13,190,249,https://www.xiaohongshu.com/discovery/item/5eb3d6490000000001002ca0
华为,手机摄影|华为mate30pro拍照专业模式真香机,"华为Mate30 pro ?专业模式
喜欢摄影的我因为有了这部手机快放弃单反相机啦
[大笑R]挑不出毛病的真相机
外观曲屏设计，霸气侧漏略显高级
当然最最最重要的，还是因为?功能强大啦
同样一部手机，拍出来的效果也可能天壤之别，
这其实是因为我们手机里有些功能很多小伙伴还没学会用，今天就分享一下手机里面一个特别好用的功能
?【专业模式】
当然这对于深度摄影爱好就是so easy 啦，
很多手机都有专业模式啦，打开我们的手机后，这里以华为手机为例，可以看到有一个【专业】按钮，直接点进去就是手机的专业拍照功能了[害羞R]还可以看到有EV、ISO等专业的按钮，接下来小编就给大家讲解一下啦
[黄金薯R]1. ISO：感光度
我们拍照最重要的其实是相机的进光量，尤其是拍夜景的时候，对进光的要求特别的高，所以这个时候我们就要调整一下相机的ISO，即感光度。首先要将其调高，这样夜晚拍摄的时候才能有足够的亮度，帮你拍出最美的夜景。
[扯脸H]2.S：快门
光线进的足不足很重要，同样对于快门速度的把控也是一门技巧，所以这个时候我们就需要用到快门速度的调节了，我们可以看到华为的最高快门速度是1/4000秒，即在非常短的时间就可以拍到一张照片，这个速度非常适合拍摄高速行驶的列车，例如高铁飞驰而过的时候，用这个方法就可以拍出非常唯美的照片。
?3.EV：曝光度
很多朋友朋友都在反映白天拍照的时候会反光，拍出来的照片很不好看，其实只要你将手机的EV，即曝光度调低就可以了，就算逆光的情况下也可以拍出非常好看的照片。逆光也清晰
[自拍R]4. AF：自动对焦
如果你觉得对焦很麻烦的话，也可以开启AF，即自动对焦功能，这样手机随时随地都会帮你对焦，拍出好看的照片，当然如果你熟练了，也可以用MF，即手动对焦，这样拍出来的照片会更加自然，以及符合我们的审美习惯。
?5.AWB：自动平衡
平时我们外出会遇到不同的天气情况，例如下雨、阴天和晴天等，这样你也可以使用手机的白平衡（AWB）功能，这样在对应环境下就可以拍出最佳的图片效果。
[得意R]快来试试喽",39,4,42,4,图文,"['拍照', '华为怎么样', '手机摄影', '相机', '摄影']","['摄影', '摄影器材']",2020/5/6,?Yinger,"❣️探店|美食|美妆
      大连??喜欢海",困困薯,女,辽宁  大连,215,40,500,3380,1879,https://www.xiaohongshu.com/discovery/item/5eb2bf0100000000010011e5
华为,新款苹果华为手机壳，机械师镜头全包设计！,苹果华为手机壳机械师全包设计，透气散热！舒适手感，不沾指纹，防震抗摔！,1,0,0,0,图文,"['手机壳', '透气', '苹果产品开箱']","['科技数码', '数码']",2020/5/6,哲思奇,主营中高端品质手机配件产品,困困薯,男,地球的某一片红薯地,7,23,6,10,40,https://www.xiaohongshu.com/discovery/item/5eb2b5e40000000001001642
华为,华为免费主题,"这些主题都是免费的哦
是华为手机的就用起来吧
点个赞在走嘛",136,21,50,0,图文,"['华为怎么样', '华为手机']","['科技数码', '使用技巧']",2020/5/6,草莓慕斯,None,困困薯,女,地球的某一片红薯地,534,16,178,96,345,https://www.xiaohongshu.com/discovery/item/5eb2996a000000000100273a
华为,华为主题我太?了！！,"昨天捣鼓了一天  哈哈哈
终于被我整好了  我太喜欢了[大笑R][大笑R]
主题是从花粉俱乐部下载的
微信气泡也是
输入法也是[偷笑R][偷笑R]
还有字体 [赞R][赞R]
吼吼^O^/   电量显示是?的喔⊙ω⊙
花粉俱乐部?真的太棒了吧❗️❗️
插件是专门的一个软件  需要自己设计背景什么的
壁纸还有插件里面的背景都是从小红书上找的[哇R][哇R]
我的图标是布朗熊?的，也可以在花粉俱乐部搜到，然后下载。从文件管理器里找到这个主题把它移动到“huawei”文件夹里的“themes”文件夹。然后在“主题”里混搭一下就可以了[暗中观察R][暗中观察R]",614,146,231,6,图文,"['华为怎么样', '文件夹', '布朗熊', '壁纸', '清明节去哪玩']","['科技数码', '使用技巧']",2020/4/29,k_kilig.,None,奶瓶薯,女,地球的某一片红薯地,4,3,33,232,621,https://www.xiaohongshu.com/discovery/item/5ea963510000000001001e39
华为,KWGT真的是个神仙软件,"自从在华为的［花粉俱乐部］下了主题之后就沉迷美化手机，然后在小红书刷到这个神仙插件（kustom widget，简称KWGT）
看了小红书大神的教程，大概知道怎么操作，然后借鉴了一些优秀的模板
P1是借鉴的，P2是自己捣鼓的（话说那个步行的设置到底要怎么弄，还是没搞明白，同步不了啊喂[叹气R][叹气R][叹气R]），P3是找微博大神要的模板
再说一次，太神仙了啊这个插件！！！现在超爱自己的手机?~
P.S所以有没有宝宝知道怎么弄那个步行同步啊，强迫症有点忍不了（︶︿︶）=凸
✅更新:关于p1插件里的软件图标的做法，我最新一篇笔记有发教程[暗中观察R][暗中观察R][暗中观察R]
❗️❗️❗️看这里，很多人说不会用，给大家指路@☔嘻嘻西 ，她的教学蛮详细，多看几遍操作一下基本就会啦",20269,714,10420,351,图文,"['华为怎么样', '今日宜晒手机屏']","['科技数码', '应用推荐']",2020/4/19,今晚打老虎,分享生活开心的时刻~~~,泡泡薯,女,地球的某一片红薯地,314,23,982,10998,21535,https://www.xiaohongshu.com/discovery/item/5e9bb8650000000001004f8c
华为,化个妆去华为公司面试，惊艳全场,,29494,368,4056,559,视频,"['面试', '化妆', '华为怎么样', '坚持化妆100天']","['美妆', '彩妆', '整体妆容']",2020/4/12,爱化妆的天易,"每晚8点直播化妆 
有任何问题私信我
邮箱?：525972076@qq.com",金冠薯,女,中国,6,119,46522,17870,145197,https://www.xiaohongshu.com/discovery/item/5e92dc2a0000000001007b0b
华为,华为花8000万买断的歌是什么样的，太值了,千言万语，无法诉说。无处表达，谁听，谁懂，你是我的梦……,3577,141,868,65,视频,"['太平洋铭座自由行热门攻略', '华为怎么样', '音乐听我的']","['影视娱乐', '音乐']",2020/4/6,音为有你,喜欢音乐，用音乐识友识朋，感谢聆听，感谢您的关注点赞和转发,文化薯,男,中国  ,8,86,1827,1650,6440,https://www.xiaohongshu.com/discovery/item/5e8b0ef200000000010083e4
华为,华为手机拍夜景教程,"?✔️华为手机拍夜景教程你学会了吗？
@数码薯",68919,965,53458,303,视频,"['夜景', '华为手机', '拍照技巧', '华为怎么样', '数码']","['摄影', '摄影技巧', '拍照技巧']",2020/3/27,摄影师陈小刀,"分享手机摄影/相机摄影技巧
后期调色
邮箱?290272931@qq.com
全网同名",金冠薯,男,中国,32,59,55187,107082,118466,https://www.xiaohongshu.com/discovery/item/5e7d8232000000000100be62
华为,华为手机冷知识 你知道吗？,"大家买到华为手机 一定要做的几件事～
快分享给身边用华为的朋友吧",6016,51,5259,315,视频,"['华为手机', '华为怎么样', '华为开发者大会']","['科技数码', '数码']",2020/3/13,阿西不巴,"好看滴皮囊千篇一律，有趣滴灵魂万里挑一～
大家好 我是快乐输出机 阿西
关注不迷路 每日分享趣味视频",None,男,中国  ,0,14,2460,5278,6156,https://www.xiaohongshu.com/discovery/item/5e6af10c0000000001000d4d
华为,李佳琦直播华为mate XS 5g折叠屏手机,"我的天啊OMG实名羡慕李佳琦的各种硬核pr礼物
但是有没有觉得全展开的时候中间是有一道印子，不知道看视频时候会不会影响，有没有伙伴们有想法呢?",20126,1884,3487,13195,视频,"['礼物', '折叠屏手机大赏']","['科技数码', '数码', '手机']",2020/3/6,西米露露,可能是个佳琦野生代言叭hiahia~,泡泡薯,女,大连,15,20,999,3922,24345,https://www.xiaohongshu.com/discovery/item/5e6255e000000000010015fe
华为,华为拍星空，学会了吗??❤️??,"人都有各自的月亮?
你永远是我的特别❤️",74519,1042,57514,646,视频,"['星空', '拍照技巧', '华为怎么样', '手机拍照技巧']","['摄影', '摄影技巧', '拍照技巧']",2020/2/26,左梦呀,None,金冠薯,女,浙江  杭州,9,50,43547,119090,142760,https://www.xiaohongshu.com/discovery/item/5e5639fa000000000100a807
华为,职场｜留学8年非名校，华为竟向我抛来橄榄枝,"8月毕业回国为工作迷茫了好一段时间。英文？留学？外企？全职博主？或者从事本专业的心理？甚至有那么一段时间认真考虑考翻译证。父母在职业的事上没发表太多意见，把决定权全部交给我。
?
9月10月面试了各行各业的大小的公司，（期间还被一个小公司嘲讽本科院校和雅思成绩太普通）。都拿到了offer，但没有遇到一份工作让我从心底里感到激动和振奋。我告诉自己如果感觉不对，就不要轻易开始一个commitment。于是安安心心地做了两个月全职自媒体博主。
?
在这期间遇到过一些偏见和质疑：“你觉得你做个网红有什么意义吗？”“我想知道你有实现什么社会价值吗？”“父母送你出国读八年，是为了让你站上更高的平台，你就做个这个？”
?
我不以为意。
?
一是因为我不可能让所有人满意，更没必要让一些八竿子打不着的陌生人满意。很多时候别人莫名其妙地冒出来否定你，本质上是在党同伐异：抬高自己的人生选择和所属圈层，贬低拉踩自己的对立面。
二来国内部分人观念是：“你踏实本分做好你该做的事（aka我认为你该做的事）就好了。读书的年纪搞别的就是不务正业：成绩不好，别的都是白瞎；工作的年纪没有一份稳定体面的职业就是没出息。而这一套和我父母的教育观念本就背道相驰。
?
之前看不起我博主身份和本科院校的人估计不会想到，正是这一层身份，让我有了叩开华为大门的资格。和我同期进华为的同事，不是哥大硕士就是ucl。拿着海外普本学历的我，恰恰是靠独立运营自媒体脱颖而出。他们估计不会也想到，高考失利与名校失之交臂的我，居然是靠“做网红”打了迂回战术，被猎头发现，跳过校招的层层筛选直接进入终面，从而获得与名校毕业生站在同一平台的机会。
?
事实上我们这批新人有一个共同点：都有独立运营自己“小项目”的经历。有男孩做小众街头文化的自媒体，也有女孩在美国单枪匹马硬生生搞出了一刊时尚杂志。在得不到任何反响的时候不甘寂寞依然坚持，凭一己之力和一腔热情把一件事情玩出名堂，本身也是一种能力。
?
年终聚会时我对上司（也是招我的伯乐）说，“我进华为，真是一种念念不忘必有回响”。中学时得知邻居在华为工作，我带着CV去敲门恳求一个实习机会。毕业后心中的职业首选其实是互联网运营，想过投鹅厂菊厂字节跳动，却止步于勇气：只收985/211藤校G5的大厂，又凭什么看上我？一路的兜兜转转到达曾经想要的终点，只更坚定了一个想法：往前跑，我想要的都会来。",10335,1933,2990,650,图文,"['职场', '华为怎么样', '时尚杂志', '聚会', '面试']","['日常片段', '生活记录']",2020/1/29,土拨鼠,"雅思口语8.5｜留英八年??｜ 只把最好的东西分享给你
ins: @siqii_｜围脖/bili: @神奇的土拨鼠小姐
摘星阁的鼠  ?jiayizhang1995@163.com",金冠薯,女,广东 深圳,508,240,317313,272446,432477,https://www.xiaohongshu.com/discovery/item/5e31444c0000000001000294
华为,华为2000元档手机推荐|nova 6 SE樱雪晴空❤,"?nova 6 SE樱雪晴空高清图赏来啦?
悦目底色上，光影沿着精致的机身纹理
✨恣意流淌出梦幻的炫彩光纹✨
✨四曲面机身，一眼心生曼妙✨
6.4 英寸 FHD+ 极点全面屏
纹解锁和电源键一体设计
与机身侧边浑然一体，极简自然
?任意角度，一触即可亮屏?
四只智慧之瞳，以矩阵之姿?
向美学世界行个注目礼
nova 6 SE 配备 AI 智慧四摄
轻松搞定不同场景～?
4800万超高清主摄镜头压轴
超广角镜头、景深镜头、微距镜头
各有一技之长?
远观星空之绚烂，近看微缩世界之奇妙
近或远，宽与广，皆如你所愿?
前置高清AI立体美拍
聪明感知脸型、肤质等??‍♀️
多维度精细调控，匹配最佳美颜方案
搭载旗舰级7nm工艺制程麒麟810
?40W华为超级快充，30分钟充电70%?
颜值更高，实力更超群?
✨和关晓彤同款nova 6 SE一起迎接新的一年吧✨
❄️愿你的生活如“樱雪晴空”般浪漫绽放❄️
8GB+128GB全网通版 售价2199元
#华为 HUAWEI[品牌]#",1587,385,620,130,图文,"['华为怎么样', '麒麟珠宝怎么样', '美颜', '星空', '充电']","['科技数码', '数码']",2020/1/16,华为终端,华为官方账号 新品发布|用机技巧|粉丝福利|品牌动向,金冠薯,男,地球的某一片红薯地,3,415,94401,77235,146225,https://www.xiaohongshu.com/discovery/item/5e203617000000000100ab31
华为,【大锤体验】华为 MatePad Pro 快速上手（上）,这款产品应该是近期做的比较用心的一款 Android 平板了，硬件上笔和键盘功能完善，软件方面多任务处理也有尝试，大家可以看视频了解一下。 @华为终端,3215,287,1560,1602,视频,"['数码产品', '华为怎么样', 'android', '平板', '数码产品使用体验']","['科技数码', '数码', '电脑']",2019/11/25,李大锤同学,主要更新数码科技、智能生活相关内容?感谢关注✨,None,男,北京  丰台,1,355,56577,8066,23648,https://www.xiaohongshu.com/discovery/item/5ddbbba4000000000100b158
华为,华为手机里最危险的设置一定要关闭⚠️,华为手机里最危险的设置一定要关闭⚠️,53843,725,48431,10767,视频,"['华为手机', '华为怎么样', '手机里的日常']","['科技数码', '数码', '手机']",2019/10/25,苹果爱好者,苹果 iPhone ? 耳机 ? 数码科技 ? 电子产品 ? 资讯 ?不喜勿喷? 商务联系?12681397@qq.com,金冠薯,男,广东  深圳,1,193,112828,365946,458825,https://www.xiaohongshu.com/discovery/item/5db2f93d00000000010054bc
华为,华为MateX上手体验 什么叫中国制造！,"来感受一下华为MateX折叠屏手机玩吃鸡，打开屏幕再合上，还能看到脚！我天，太流畅了，爽歪啊，根本停不下来，这手机我要买
这两天的上手体验感受，重量和大小适中，折叠状态和一般大屏手机体验无二。各应用适配性完美，打开折叠屏幕后无缝切换速度很快，无论是办公娱乐还是游戏，完全没有想象中的顿挫感，屏幕切换可以用爽滑来形容。再者就是太酷了，任何场合绝对是吸睛利器。
为华为点赞，为中国制造点赞！
你还知道哪些黑科技数码产品，也可以带上下方话题聊聊！",2315,132,816,2922,视频,"['华为怎么样', '数码产品', '黑科技', '本周最热']","['科技数码', '数码', '手机']",2019/10/23,listter乐,科技自媒体,甜筒薯,男,中国  ,1,171,557,1361,4185,https://www.xiaohongshu.com/discovery/item/5daffc30000000000100238a
华为,华为手机怎么拍星空和星迹,"华为手机拍星空
打开【相机】
点击【更多】
点击【专业模式】
调节参数（按着图二调节）
拍的照片图三到图五
华为手机拍星迹
点击【相机】
点击【更多】
点击【流光快门】
选择【绚丽星轨】
*划重点：
拍星空和星迹都要固定在三脚架上，
星空15秒不能动
星迹至少一个小时，两小时以上效果更明显，图六拍了大概一个半小时
…………………………………………………………
更新：
1、看到很多人说拍完全白怎么回事？
答：可能因为有光源或者抖动了，拍照或者星轨要保证没有光源
2、华为其他的型号能不能拍出？
答：应该可以的，只要能找到这个功能就可以
3、参数有的调不成跟我一样的
答：把所有参数都往后拉一下，看看会不会在后面，看仔细了，我的那个15一直拉到最后才看到，还有就是可能手机型号不同参数也会不同，所以如果不是一样的还请你们自己试一下，我虽然调成这个样子也试了好多次呢
4、我的手机是Nova2s,其实我也是第一次发现有这么神奇的拍照技术呢，所以希望我们一起进步，有其他好玩的拍照也希望大家多多分享哦",27569,493,32311,2792,图文,"['华为手机', '星空', '拍照', '相机', '敦煌漠葛沙漠露营基地自由行热门攻略']","['科技数码', '数码']",2019/9/8,~小鱼干,愿你特别美丽 特别平静 特别凶狠 也特别温柔,泡泡薯,女,北京  朝阳,50,22,2914,32444,27690,https://www.xiaohongshu.com/discovery/item/5d7459c9000000000201cba2
华为,,华为手机卡顿？教你一招解决！,44202,810,33654,4157,视频,"['华为怎么样', '华为手机']","['科技数码', '数码']",2019/6/9,徐坤开箱,None,None,无,地球的某一片红薯地,1,76,16169,46797,67680,https://www.xiaohongshu.com/discovery/item/5cfce19a0000000026022970
华为,,99%的小伙伴都不知道的华为手机操作技巧。华为手机5大常用功能你get到了吗？,58291,1702,20527,7657,视频,"['华为手机', '华为怎么样', '手机里的日常']","['科技数码', '数码']",2019/6/6,极客时间线,还没有简介,金冠薯,女,中国  ,38,312,34573,100166,171814,https://www.xiaohongshu.com/discovery/item/5cf7eb89000000002801c283
